id,name,category,subcategory,tags,brand,price,originalPrice,discount,rating,reviewCount,stock,image,deliveryDays,isPrime,sizes,colors
1,Carter's 2-Piece Pajama Set - Green (3),kids,sleepwear,pajamas|soft|green,Carter's,25.03,31.78,21,4.7,10944,196,https://picsum.photos/seed/carter's-sleepwear-1/800/1000,4,False,13C|2Y|11C|12C,Red
2,LEGO Classic Bricks and Wheels - Red (1),kids,toys,lego|creative|red,LEGO,29.76,37.21,20,4.9,13257,410,https://picsum.photos/seed/lego-toys-2/800/1000,4,True,1Y|10C|13C|11C,Beige
3,Fenty Beauty Gloss Bomb - Purple (4),beauty,makeup,lip gloss|shine|purple,Fenty Beauty,22.07,28.5,23,4.5,17257,496,https://picsum.photos/seed/fenty-beauty-makeup-3/800/1000,6,False,,White
4,Ray-Ban Wayfarer Classic - Pink (1),accessories,sunglasses,acetate|uv|pink,Ray-Ban,182.78,226.74,19,4.0,9376,100,https://picsum.photos/seed/ray-ban-sunglasses-4/800/1000,5,False,,Beige|Black|Brown
5,Vuori Halo Performance Hoodie - Red (2),women,hoodies,athleisure|soft|red,Vuori,101.67,130.42,22,4.5,10109,434,https://picsum.photos/seed/vuori-hoodies-5/800/1000,3,True,XL|XXL|S|M,Purple
6,La Roche-Posay Anthelios SPF 60 - Purple (4),beauty,skincare,sunscreen|spf|purple,La Roche-Posay,42.3,44.73,5,4.4,17810,385,https://picsum.photos/seed/la-roche-posay-skincare-6/800/1000,4,False,,Pink|Olive|Purple
7,Converse Chuck 70 High - Purple (2),footwear,sneakers,canvas|lifestyle|purple,Converse,108.01,142.69,24,4.2,2609,98,https://picsum.photos/seed/converse-sneakers-7/800/1000,5,False,6|10|7|9|11,Purple|Black|Red
8,Athleta Salutation Stash 7/8 Tight - Purple (2),women,activewear,leggings|performance|purple,Athleta,90.48,107.53,16,4.3,6869,180,https://picsum.photos/seed/athleta-activewear-8/800/1000,6,True,S|XXL|L|XL,Red|Green|Olive
9,Carhartt WIP Chase Hoodie - Grey (3),men,hoodies,fleece|street|grey,Carhartt WIP,89.84,99.58,10,4.7,13721,478,https://picsum.photos/seed/carhartt-wip-hoodies-9/800/1000,3,False,XS|XXL|S|M|L,Green|Beige
10,Aritzia Super Puff - Red (3),women,jackets,puffer|winter|red,Aritzia,239.07,272.92,12,4.3,12460,494,https://picsum.photos/seed/aritzia-jackets-10/800/1000,5,True,XXL|S|L|M|XS,Purple|Black
11,Vuori Halo Performance Hoodie - White (3),women,hoodies,athleisure|soft|white,Vuori,100.25,129.91,23,4.9,4612,19,https://picsum.photos/seed/vuori-hoodies-11/800/1000,6,True,XXL|L|XS|M,Olive
12,Hoka Clifton 9 - Blue (2),footwear,running,max cushion|running|blue,Hoka,143.39,164.69,13,4.1,3413,348,https://picsum.photos/seed/hoka-running-12/800/1000,3,True,11|12|6|9|7|10|8,Blue
13,Birkenstock Arizona EVA - Pink (4),footwear,sandals,sandals|summer|pink,Birkenstock,56.63,71.95,21,3.8,6357,83,https://picsum.photos/seed/birkenstock-sandals-13/800/1000,3,False,11|12|9,Purple|Red
14,Fenty Beauty Gloss Bomb - Olive (3),beauty,makeup,lip gloss|shine|olive,Fenty Beauty,19.03,22.42,15,4.8,3397,401,https://picsum.photos/seed/fenty-beauty-makeup-14/800/1000,3,True,,Olive
15,LEGO Classic Bricks and Wheels - Pink (2),kids,toys,lego|creative|pink,LEGO,27.24,30.21,10,3.9,13300,295,https://picsum.photos/seed/lego-toys-15/800/1000,6,True,13C|11C,Red|Beige|Green
16,Bellroy Slim Sleeve Wallet - Blue (2),accessories,wallets,leather|rfid|blue,Bellroy,72.56,77.66,7,4.6,4501,184,https://picsum.photos/seed/bellroy-wallets-16/800/1000,4,True,,Black
17,Tumi Alpha 3 Expandable Brief - Pink (2),accessories,bags,brief|travel|pink,Tumi,452.83,550.22,18,3.9,13089,490,https://picsum.photos/seed/tumi-bags-17/800/1000,4,True,,Navy|Black
18,Ray-Ban Wayfarer Classic - Olive (4),accessories,sunglasses,acetate|uv|olive,Ray-Ban,169.79,217.37,22,4.2,1893,45,https://picsum.photos/seed/ray-ban-sunglasses-18/800/1000,2,False,,Red|Brown
19,Ray-Ban Wayfarer Classic - Red (4),accessories,sunglasses,acetate|uv|red,Ray-Ban,161.33,193.44,17,4.6,6061,97,https://picsum.photos/seed/ray-ban-sunglasses-19/800/1000,2,True,,Green
20,LEGO Classic Bricks and Wheels - Green (2),kids,toys,lego|creative|green,LEGO,29.13,38.32,24,4.8,7363,256,https://picsum.photos/seed/lego-toys-20/800/1000,3,True,1Y|3Y|12C|10C|2Y,Beige|Olive|Black
21,Sony WH-1000XM5 - Blue (3),accessories,headphones,anc|wireless|blue,Sony,441.62,506.86,13,4.7,10872,467,https://picsum.photos/seed/sony-headphones-21/800/1000,3,True,,Black|Purple|Red
22,Anker 737 Power Bank - Green (4),accessories,gadgets,power bank|usb-c|green,Anker,170.57,220.08,22,3.8,1379,347,https://picsum.photos/seed/anker-gadgets-22/800/1000,6,False,,Blue|White|Beige
23,Gap Kids Graphic Tee - Green (4),kids,t-shirts,cotton|graphic|green,Gap,18.73,25.04,25,3.9,11940,381,https://picsum.photos/seed/gap-t-shirts-23/800/1000,4,True,10C|11C|1Y,Navy|Purple
24,Arc'teryx Atom LT Hoody - Pink (3),men,jackets,insulated|outdoor|pink,Arc'teryx,279.05,321.37,13,4.2,7113,83,https://picsum.photos/seed/arc'teryx-jackets-24/800/1000,6,False,XL|XS|M|S|L,Purple
25,Dr. Martens 1460 Smooth - Grey (2),footwear,boots,boots|leather|grey,Dr. Martens,182.94,201.04,9,3.9,114,28,https://picsum.photos/seed/dr.-martens-boots-25/800/1000,3,False,8|7|6,Green|Red|Brown
26,Kiehl's Ultra Facial Cream - Brown (4),beauty,moisturizer,moisturizer|hydrating|brown,Kiehl's,41.14,48.18,15,4.0,6103,366,https://picsum.photos/seed/kiehl's-moisturizer-26/800/1000,4,False,,Green|Pink|Black
27,Bose QuietComfort Ultra - Grey (1),accessories,headphones,anc|comfort|grey,Bose,417.85,478.47,13,4.2,9570,468,https://picsum.photos/seed/bose-headphones-27/800/1000,2,True,,Beige|White
28,Skip Hop Diaper Backpack - Green (3),kids,bags,parents|diaper|green,Skip Hop,77.55,82.23,6,4.2,1675,478,https://picsum.photos/seed/skip-hop-bags-28/800/1000,3,True,2Y|1Y|12C|11C|3Y,Green|Pink
29,Adidas Ultraboost Light - Blue (1),footwear,running,running|boost|performance|blue,Adidas,198.76,261.03,24,4.4,10210,106,https://picsum.photos/seed/adidas-running-29/800/1000,6,True,10|9|12|11|8|6|7,Purple|Red
30,Patagonia Better Sweater Fleece - White (3),women,sweaters,fleece|outdoor|white,Patagonia,136.59,153.73,11,4.5,17200,128,https://picsum.photos/seed/patagonia-sweaters-30/800/1000,2,True,S|M|L|XS,White|Pink|Navy
31,The Ordinary Niacinamide 10% + Zinc 1% - Red (3),beauty,serum,niacinamide|oil control|red,The Ordinary,12.81,15.57,18,4.7,9966,47,https://picsum.photos/seed/the-ordinary-serum-31/800/1000,5,False,,Green|Blue|Black
32,Dr. Martens 1460 Smooth - Black (2),footwear,boots,boots|leather|black,Dr. Martens,185.89,208.1,11,3.9,933,376,https://picsum.photos/seed/dr.-martens-boots-32/800/1000,2,False,10|12|11,Brown
33,Anker 737 Power Bank - Beige (2),accessories,gadgets,power bank|usb-c|beige,Anker,157.07,181.1,13,4.2,9984,480,https://picsum.photos/seed/anker-gadgets-33/800/1000,4,False,,Red|Beige|Navy
34,New Balance 990v6 - Green (4),footwear,running,running|made in usa|suede|green,New Balance,224.39,265.04,15,4.3,14694,391,https://picsum.photos/seed/new-balance-running-34/800/1000,2,True,7|9|8|10|12|11|6,Black
35,Dyson Supersonic Hair Dryer - Pink (3),beauty,haircare,hair dryer|premium|pink,Dyson,419.73,444.19,6,4.1,7332,268,https://picsum.photos/seed/dyson-haircare-35/800/1000,5,True,,Black|Purple
36,Aritzia Super Puff - Grey (3),women,jackets,puffer|winter|grey,Aritzia,261.27,296.46,12,4.3,17123,348,https://picsum.photos/seed/aritzia-jackets-36/800/1000,2,False,XXL|L|XL|M|XS,Pink
37,Tumi Alpha 3 Expandable Brief - Blue (2),accessories,bags,brief|travel|blue,Tumi,504.82,641.05,21,4.1,5398,453,https://picsum.photos/seed/tumi-bags-37/800/1000,5,True,,Red|Green
38,Bellroy Slim Sleeve Wallet - Brown (4),accessories,wallets,leather|rfid|brown,Bellroy,79.69,87.15,9,4.6,12820,175,https://picsum.photos/seed/bellroy-wallets-38/800/1000,2,False,,Grey|Purple|Beige
39,Everlane Organic Cotton Box-Cut Tee - Navy (4),women,tops,basics|cotton|navy,Everlane,33.83,44.11,23,3.9,10253,35,https://picsum.photos/seed/everlane-tops-39/800/1000,2,True,S|XXL|XL,Red|Brown|Purple
40,Fenty Beauty Gloss Bomb - White (1),beauty,makeup,lip gloss|shine|white,Fenty Beauty,23.14,25.26,8,4.1,400,183,https://picsum.photos/seed/fenty-beauty-makeup-40/800/1000,6,False,,Green|Brown
41,Hoka Clifton 9 - Grey (1),footwear,running,max cushion|running|grey,Hoka,165.9,190.37,13,4.4,11135,275,https://picsum.photos/seed/hoka-running-41/800/1000,6,False,8|10|9|12|6,Olive|White
42,New Balance 990v6 - Black (2),footwear,running,running|made in usa|suede|black,New Balance,228.61,288.43,21,4.7,2819,449,https://picsum.photos/seed/new-balance-running-42/800/1000,3,True,6|10|7|8,Pink|Olive|White
43,Carhartt WIP Chase Hoodie - Pink (3),men,hoodies,fleece|street|pink,Carhartt WIP,102.7,120.43,15,4.3,14123,354,https://picsum.photos/seed/carhartt-wip-hoodies-43/800/1000,3,False,L|M|XL|XXL|S,Brown
44,Olaplex No.3 Hair Perfector - Green (3),beauty,haircare,bond repair|hair|green,Olaplex,33.45,36.95,9,4.4,10922,470,https://picsum.photos/seed/olaplex-haircare-44/800/1000,5,False,,Navy|Red
45,Kindle Paperwhite 11th Gen - Olive (4),accessories,ereader,ereader|waterproof|olive,Amazon,159.26,212.19,25,4.0,9440,188,https://picsum.photos/seed/amazon-ereader-45/800/1000,2,True,,Beige|Blue|White
46,Reformation Nikita Dress - Green (2),women,dresses,sustainable|summer|green,Reformation,270.16,351.5,23,4.7,5583,438,https://picsum.photos/seed/reformation-dresses-46/800/1000,4,True,XXL|M|S|L,Green|Brown
47,Nike Air Force 1 '07 - Beige (4),footwear,sneakers,sneakers|leather|heritage|beige,Nike,122.96,160.86,24,4.6,10987,475,https://picsum.photos/seed/nike-sneakers-47/800/1000,5,True,7|11|12|8,Grey|Navy
48,Fenty Beauty Gloss Bomb - Olive (4),beauty,makeup,lip gloss|shine|olive,Fenty Beauty,22.38,27.92,20,3.9,9733,346,https://picsum.photos/seed/fenty-beauty-makeup-48/800/1000,4,True,,Beige|White|Purple
49,Sony WH-1000XM5 - Black (2),accessories,headphones,anc|wireless|black,Sony,368.15,488.77,25,4.4,16411,97,https://picsum.photos/seed/sony-headphones-49/800/1000,6,True,,Grey
50,The North Face Nuptse Jacket - Grey (1),women,jackets,down|outdoor|grey,The North Face,363.19,439.55,17,5.0,6162,294,https://picsum.photos/seed/the-north-face-jackets-50/800/1000,5,False,XS|M|XXL|XL|S,Black|Blue
51,Reformation Nikita Dress - Blue (4),women,dresses,sustainable|summer|blue,Reformation,242.88,277.08,12,4.1,4222,242,https://picsum.photos/seed/reformation-dresses-51/800/1000,4,True,L|M|XXL,Purple|Red|Beige
52,CeraVe Hydrating Facial Cleanser - Pink (1),beauty,skincare,cleanser|ceramides|pink,CeraVe,16.39,20.75,21,3.9,11266,260,https://picsum.photos/seed/cerave-skincare-52/800/1000,4,True,,Red|White
53,Kiehl's Ultra Facial Cream - Pink (1),beauty,moisturizer,moisturizer|hydrating|pink,Kiehl's,35.01,38.01,8,4.1,13077,494,https://picsum.photos/seed/kiehl's-moisturizer-53/800/1000,5,False,,Beige
54,Madewell Transport Tote - Olive (1),accessories,bags,tote|leather|olive,Madewell,184.23,205.95,11,4.8,1062,0,https://picsum.photos/seed/madewell-bags-54/800/1000,3,True,,Brown
55,LEGO Classic Bricks and Wheels - Olive (3),kids,toys,lego|creative|olive,LEGO,30.65,36.88,17,4.3,17883,73,https://picsum.photos/seed/lego-toys-55/800/1000,6,True,10C|11C|13C|12C,Purple
56,Birkenstock Arizona EVA - Blue (4),footwear,sandals,sandals|summer|blue,Birkenstock,48.07,58.42,18,4.5,11025,119,https://picsum.photos/seed/birkenstock-sandals-56/800/1000,6,True,11|7|12,Green|White
57,Dyson Supersonic Hair Dryer - White (4),beauty,haircare,hair dryer|premium|white,Dyson,490.26,653.37,25,4.0,5193,163,https://picsum.photos/seed/dyson-haircare-57/800/1000,2,True,,Purple|Grey
58,Madewell Transport Tote - Pink (4),accessories,bags,tote|leather|pink,Madewell,174.48,212.47,18,5.0,7368,317,https://picsum.photos/seed/madewell-bags-58/800/1000,4,False,,Grey|Pink
59,CeraVe Hydrating Facial Cleanser - Beige (1),beauty,skincare,cleanser|ceramides|beige,CeraVe,17.84,23.2,23,4.9,14629,42,https://picsum.photos/seed/cerave-skincare-59/800/1000,2,True,,Pink
60,Olaplex No.3 Hair Perfector - Beige (2),beauty,haircare,bond repair|hair|beige,Olaplex,31.69,38.58,18,4.3,9088,4,https://picsum.photos/seed/olaplex-haircare-60/800/1000,2,True,,Grey|Beige
61,Sony WH-1000XM5 - Brown (1),accessories,headphones,anc|wireless|brown,Sony,406.79,453.92,10,4.1,4896,153,https://picsum.photos/seed/sony-headphones-61/800/1000,3,True,,Blue|Beige
62,Adidas Ultraboost Light - White (2),footwear,running,running|boost|performance|white,Adidas,208.75,220.13,5,4.3,7581,355,https://picsum.photos/seed/adidas-running-62/800/1000,3,False,7|11|12|8|10|6|9,Beige|Blue
63,Sony WH-1000XM5 - Pink (4),accessories,headphones,anc|wireless|pink,Sony,361.99,445.31,19,4.3,10510,362,https://picsum.photos/seed/sony-headphones-63/800/1000,2,True,,Pink|White
64,Converse Chuck 70 High - Olive (4),footwear,sneakers,canvas|lifestyle|olive,Converse,91.96,113.93,19,4.1,1348,198,https://picsum.photos/seed/converse-sneakers-64/800/1000,3,False,7|11|6|10,Pink
65,Dyson Supersonic Hair Dryer - Olive (3),beauty,haircare,hair dryer|premium|olive,Dyson,486.32,559.24,13,4.8,6645,226,https://picsum.photos/seed/dyson-haircare-65/800/1000,6,False,,White
66,Levi's Ribcage Straight Ankle - White (1),women,jeans,denim|high rise|white,Levi's,108.93,116.15,6,4.4,2381,410,https://picsum.photos/seed/levi's-jeans-66/800/1000,4,True,XS|L|XXL|S|XL|M,Pink|Green
67,Everlane Organic Cotton Box-Cut Tee - Green (3),women,tops,basics|cotton|green,Everlane,29.39,34.94,16,4.0,16835,386,https://picsum.photos/seed/everlane-tops-67/800/1000,6,True,XL|S|XS|L|M|XXL,Purple
68,Levi's 501 Original Fit Jeans - Red (3),men,jeans,denim|heritage|red,Levi's,101.95,122.62,17,3.9,7501,344,https://picsum.photos/seed/levi's-jeans-68/800/1000,5,False,L|XL|M|S|XS|XXL,Beige|Brown|Navy
69,Apple Watch SE (2nd Gen) - Olive (2),accessories,watches,smartwatch|fitness|olive,Apple,242.77,279.68,13,4.6,10397,334,https://picsum.photos/seed/apple-watches-69/800/1000,6,False,,White|Green
70,Rains Long Jacket - Grey (2),men,jackets,rain|lightweight|grey,Rains,133.01,150.64,12,4.3,7043,401,https://picsum.photos/seed/rains-jackets-70/800/1000,4,True,L|S|XXL|XS,Grey|Blue
71,LEGO Classic Bricks and Wheels - Navy (4),kids,toys,lego|creative|navy,LEGO,26.55,27.93,5,4.5,14379,474,https://picsum.photos/seed/lego-toys-71/800/1000,4,True,3Y|12C|11C,Brown
72,Vuori Halo Performance Hoodie - Navy (3),women,hoodies,athleisure|soft|navy,Vuori,106.31,132.72,20,4.7,16203,310,https://picsum.photos/seed/vuori-hoodies-72/800/1000,4,True,XS|XL|M|L|S,Olive|Blue|Brown
73,Carter's 2-Piece Pajama Set - Purple (2),kids,sleepwear,pajamas|soft|purple,Carter's,25.26,29.47,14,4.0,2268,462,https://picsum.photos/seed/carter's-sleepwear-73/800/1000,3,True,12C|1Y|3Y,Brown|Beige
74,Carhartt WIP Chase Hoodie - Brown (2),men,hoodies,fleece|street|brown,Carhartt WIP,101.26,129.85,22,3.8,11566,135,https://picsum.photos/seed/carhartt-wip-hoodies-74/800/1000,5,True,XS|XL|S|L,Navy|Grey
75,Fenty Beauty Gloss Bomb - Olive (3),beauty,makeup,lip gloss|shine|olive,Fenty Beauty,20.03,25.11,20,4.5,17497,40,https://picsum.photos/seed/fenty-beauty-makeup-75/800/1000,4,True,,Purple
76,Oakley Holbrook Prizm - White (4),accessories,sunglasses,prizm|sport|white,Oakley,151.14,189.4,20,4.8,4355,233,https://picsum.photos/seed/oakley-sunglasses-76/800/1000,2,False,,Navy|Pink|Black
77,COS Relaxed Linen Shirt - Beige (2),men,shirts,linen|summer|beige,COS,84.88,106.24,20,4.3,4357,279,https://picsum.photos/seed/cos-shirts-77/800/1000,6,False,XXL|L|M|XL,White|Blue
78,Patagonia Better Sweater Fleece - Blue (2),women,sweaters,fleece|outdoor|blue,Patagonia,154.83,195.08,21,4.6,11394,164,https://picsum.photos/seed/patagonia-sweaters-78/800/1000,4,True,XXL|M|L,White
79,Arc'teryx Atom LT Hoody - White (4),men,jackets,insulated|outdoor|white,Arc'teryx,274.43,356.6,23,3.9,10490,412,https://picsum.photos/seed/arc'teryx-jackets-79/800/1000,6,True,L|XS|XXL|M,Beige|Navy
80,Casio G-Shock DW5600 - Grey (1),accessories,watches,shock resistant|digital|grey,Casio,90.14,107.71,16,4.9,5701,22,https://picsum.photos/seed/casio-watches-80/800/1000,4,True,,Black
81,Nike Air Force 1 '07 - Blue (3),footwear,sneakers,sneakers|leather|heritage|blue,Nike,108.41,133.59,19,4.5,6416,74,https://picsum.photos/seed/nike-sneakers-81/800/1000,3,True,12|7|11,Green
82,Carter's 2-Piece Pajama Set - Blue (1),kids,sleepwear,pajamas|soft|blue,Carter's,27.3,36.07,24,4.0,2095,427,https://picsum.photos/seed/carter's-sleepwear-82/800/1000,5,True,3Y|11C|12C,Black|Brown|Navy
83,LEGO Classic Bricks and Wheels - Beige (2),kids,toys,lego|creative|beige,LEGO,32.21,39.81,19,5.0,13758,267,https://picsum.photos/seed/lego-toys-83/800/1000,5,False,10C|12C,Green|White
84,Levi's 501 Original Fit Jeans - Purple (4),men,jeans,denim|heritage|purple,Levi's,106.47,125.24,15,4.2,4170,425,https://picsum.photos/seed/levi's-jeans-84/800/1000,2,True,S|XS|XL|L|XXL|M,Blue|Olive|Grey
85,Anker 737 Power Bank - Purple (1),accessories,gadgets,power bank|usb-c|purple,Anker,135.11,147.07,8,3.9,14428,9,https://picsum.photos/seed/anker-gadgets-85/800/1000,5,False,,Black|Beige|Olive
86,Skip Hop Diaper Backpack - Pink (3),kids,bags,parents|diaper|pink,Skip Hop,82.41,100.83,18,4.6,4168,86,https://picsum.photos/seed/skip-hop-bags-86/800/1000,6,True,13C|11C,Olive|Navy
87,LEGO Classic Bricks and Wheels - Navy (1),kids,toys,lego|creative|navy,LEGO,28.23,30.4,7,4.0,17688,273,https://picsum.photos/seed/lego-toys-87/800/1000,6,True,13C|2Y|3Y|10C|12C|1Y,Brown|Grey
88,Nike Dri-FIT Challenger Shorts - Pink (1),men,shorts,running|lightweight|pink,Nike,43.52,55.75,22,4.9,591,20,https://picsum.photos/seed/nike-shorts-88/800/1000,2,False,M|XXL|L|S|XL,Green|Purple|Beige
89,Kindle Paperwhite 11th Gen - Purple (3),accessories,ereader,ereader|waterproof|purple,Amazon,145.72,178.95,19,4.9,7554,371,https://picsum.photos/seed/amazon-ereader-89/800/1000,3,False,,White
90,Kindle Paperwhite 11th Gen - Beige (1),accessories,ereader,ereader|waterproof|beige,Amazon,146.17,185.34,21,4.6,11359,313,https://picsum.photos/seed/amazon-ereader-90/800/1000,5,False,,Purple|Grey
91,Hoka Clifton 9 - Brown (4),footwear,running,max cushion|running|brown,Hoka,164.21,196.73,17,4.5,9896,24,https://picsum.photos/seed/hoka-running-91/800/1000,2,True,9|11|7|8|12|6,Navy|Pink|Grey
92,Rains Long Jacket - Purple (4),men,jackets,rain|lightweight|purple,Rains,128.92,161.32,20,4.1,15172,451,https://picsum.photos/seed/rains-jackets-92/800/1000,4,True,L|XXL|S,Beige
93,Kiehl's Ultra Facial Cream - Olive (2),beauty,moisturizer,moisturizer|hydrating|olive,Kiehl's,40.13,47.3,15,4.0,9925,142,https://picsum.photos/seed/kiehl's-moisturizer-93/800/1000,6,False,,Black
94,Rains Long Jacket - Beige (3),men,jackets,rain|lightweight|beige,Rains,113.83,127.63,11,4.6,6961,225,https://picsum.photos/seed/rains-jackets-94/800/1000,3,False,XXL|XS|L,Red|Beige|Olive
95,Nike Air Force 1 '07 - White (2),footwear,sneakers,sneakers|leather|heritage|white,Nike,99.89,117.91,15,4.9,15686,486,https://picsum.photos/seed/nike-sneakers-95/800/1000,4,True,11|8|12|9|6|10|7,Green
96,Dr. Martens 1460 Smooth - White (3),footwear,boots,boots|leather|white,Dr. Martens,192.94,244.72,21,4.1,8410,345,https://picsum.photos/seed/dr.-martens-boots-96/800/1000,4,True,8|6|12|10|11|7,Navy|Pink|White
97,LEGO Classic Bricks and Wheels - Pink (1),kids,toys,lego|creative|pink,LEGO,27.2,35.4,23,4.3,2535,334,https://picsum.photos/seed/lego-toys-97/800/1000,5,True,2Y|11C|12C,Pink|Green|White
98,Kindle Paperwhite 11th Gen - Red (1),accessories,ereader,ereader|waterproof|red,Amazon,160.63,199.21,19,4.1,9439,44,https://picsum.photos/seed/amazon-ereader-98/800/1000,3,False,,Blue|Beige|Olive
99,Kindle Paperwhite 11th Gen - Red (4),accessories,ereader,ereader|waterproof|red,Amazon,170.05,228.29,26,5.0,14527,196,https://picsum.photos/seed/amazon-ereader-99/800/1000,4,True,,Grey
100,Reformation Nikita Dress - White (2),women,dresses,sustainable|summer|white,Reformation,247.22,309.15,20,4.9,8539,365,https://picsum.photos/seed/reformation-dresses-100/800/1000,5,True,XXL|XL|S|XS|M,Navy
101,Herschel Little America Backpack - White (2),accessories,bags,backpack|travel|white,Herschel,110.16,130.72,16,3.9,1560,359,https://picsum.photos/seed/herschel-bags-101/800/1000,2,True,,White|Red|Blue
102,New Balance 990v6 - Grey (3),footwear,running,running|made in usa|suede|grey,New Balance,207.15,266.38,22,4.0,8804,355,https://picsum.photos/seed/new-balance-running-102/800/1000,5,True,6|12|7|10,Olive|Pink|Blue
103,Casio G-Shock DW5600 - Navy (1),accessories,watches,shock resistant|digital|navy,Casio,89.83,120.97,26,4.9,16155,480,https://picsum.photos/seed/casio-watches-103/800/1000,3,True,,Navy|White|Blue
104,La Roche-Posay Anthelios SPF 60 - Pink (4),beauty,skincare,sunscreen|spf|pink,La Roche-Posay,40.31,48.79,17,3.8,15227,379,https://picsum.photos/seed/la-roche-posay-skincare-104/800/1000,5,True,,White|Green|Beige
105,Timberland 6-Inch Premium - Pink (4),footwear,boots,boots|waterproof|pink,Timberland,193.25,205.98,6,4.2,8524,288,https://picsum.photos/seed/timberland-boots-105/800/1000,4,True,10|7|11|6|8,Olive
106,Dr. Martens 1460 Smooth - Blue (3),footwear,boots,boots|leather|blue,Dr. Martens,172.05,186.91,8,4.9,11599,285,https://picsum.photos/seed/dr.-martens-boots-106/800/1000,2,False,12|7|11,Black|Blue|Beige
107,Hoka Clifton 9 - Brown (1),footwear,running,max cushion|running|brown,Hoka,145.13,188.48,23,4.6,6772,440,https://picsum.photos/seed/hoka-running-107/800/1000,3,False,10|12|6,Brown|Green
108,Anker 737 Power Bank - Pink (1),accessories,gadgets,power bank|usb-c|pink,Anker,150.06,198.97,25,4.2,1957,62,https://picsum.photos/seed/anker-gadgets-108/800/1000,5,False,,Beige
109,Patagonia Better Sweater Fleece - Grey (3),women,sweaters,fleece|outdoor|grey,Patagonia,145.91,186.54,22,4.2,9490,277,https://picsum.photos/seed/patagonia-sweaters-109/800/1000,4,True,XL|XXL|XS|M|S|L,Blue|Navy
110,Skip Hop Diaper Backpack - Purple (3),kids,bags,parents|diaper|purple,Skip Hop,85.97,105.85,19,4.3,17826,291,https://picsum.photos/seed/skip-hop-bags-110/800/1000,4,False,3Y|1Y|10C|12C,Black
111,The North Face Nuptse Jacket - Brown (3),women,jackets,down|outdoor|brown,The North Face,348.99,423.8,18,4.6,10453,77,https://picsum.photos/seed/the-north-face-jackets-111/800/1000,6,False,XL|S|XS|L|M,Navy
112,Athleta Salutation Stash 7/8 Tight - Olive (4),women,activewear,leggings|performance|olive,Athleta,106.02,134.71,21,4.5,13807,219,https://picsum.photos/seed/athleta-activewear-112/800/1000,6,True,XL|L|XS|S|XXL|M,Black
113,CeraVe Hydrating Facial Cleanser - Black (1),beauty,skincare,cleanser|ceramides|black,CeraVe,16.16,19.27,16,4.6,11441,365,https://picsum.photos/seed/cerave-skincare-113/800/1000,6,True,,White|Blue|Purple
114,Apple Watch SE (2nd Gen) - Red (4),accessories,watches,smartwatch|fitness|red,Apple,277.12,317.7,13,4.4,4605,118,https://picsum.photos/seed/apple-watches-114/800/1000,3,False,,Black|Purple|White
115,Oakley Holbrook Prizm - Red (4),accessories,sunglasses,prizm|sport|red,Oakley,185.27,230.43,20,4.0,11286,77,https://picsum.photos/seed/oakley-sunglasses-115/800/1000,2,True,,Green|Olive
116,Herschel Little America Backpack - Navy (4),accessories,bags,backpack|travel|navy,Herschel,128.31,170.11,25,3.9,5408,498,https://picsum.photos/seed/herschel-bags-116/800/1000,4,True,,Brown
117,Casio G-Shock DW5600 - Brown (1),accessories,watches,shock resistant|digital|brown,Casio,91.16,109.64,17,3.9,15321,288,https://picsum.photos/seed/casio-watches-117/800/1000,5,True,,Navy|Grey
118,Levi's 501 Original Fit Jeans - White (2),men,jeans,denim|heritage|white,Levi's,89.14,110.27,19,4.3,7699,320,https://picsum.photos/seed/levi's-jeans-118/800/1000,6,True,M|XS|XL|S|L,Navy
119,Lululemon ABC Slim-Fit Pant - Navy (3),men,pants,commuter|stretch|navy,Lululemon,120.37,129.02,7,4.9,365,30,https://picsum.photos/seed/lululemon-pants-119/800/1000,2,True,XL|M|L,Green
120,COS Relaxed Linen Shirt - White (4),men,shirts,linen|summer|white,COS,82.52,90.9,9,4.1,10494,58,https://picsum.photos/seed/cos-shirts-120/800/1000,4,True,XL|S|L|M,Red
121,Tumi Alpha 3 Expandable Brief - Black (2),accessories,bags,brief|travel|black,Tumi,567.44,719.78,21,4.9,402,91,https://picsum.photos/seed/tumi-bags-121/800/1000,6,False,,Blue|Olive|Brown
122,Gap Kids Graphic Tee - White (1),kids,t-shirts,cotton|graphic|white,Gap,16.35,21.87,25,4.6,17728,217,https://picsum.photos/seed/gap-t-shirts-122/800/1000,6,True,11C|13C|12C|10C|1Y|3Y|2Y,Blue
123,Skip Hop Diaper Backpack - Purple (3),kids,bags,parents|diaper|purple,Skip Hop,70.94,77.23,8,3.9,6374,21,https://picsum.photos/seed/skip-hop-bags-123/800/1000,6,False,11C|1Y|10C|2Y,Olive|Pink
124,Fenty Beauty Gloss Bomb - Green (3),beauty,makeup,lip gloss|shine|green,Fenty Beauty,23.55,28.84,18,4.8,2677,368,https://picsum.photos/seed/fenty-beauty-makeup-124/800/1000,4,True,,Grey
125,Converse Chuck 70 High - Grey (4),footwear,sneakers,canvas|lifestyle|grey,Converse,99.95,122.59,18,3.9,13666,252,https://picsum.photos/seed/converse-sneakers-125/800/1000,6,True,10|6|11|12,Navy
126,Kiehl's Ultra Facial Cream - Beige (1),beauty,moisturizer,moisturizer|hydrating|beige,Kiehl's,38.88,41.18,6,4.2,14623,10,https://picsum.photos/seed/kiehl's-moisturizer-126/800/1000,3,True,,Purple
127,Everlane Organic Cotton Box-Cut Tee - Beige (3),women,tops,basics|cotton|beige,Everlane,31.91,42.93,26,4.1,1758,150,https://picsum.photos/seed/everlane-tops-127/800/1000,6,True,XXL|XL|M|XS|L|S,Purple
128,Birkenstock Arizona EVA - Green (3),footwear,sandals,sandals|summer|green,Birkenstock,49.18,55.14,11,4.2,15908,67,https://picsum.photos/seed/birkenstock-sandals-128/800/1000,2,True,7|12|8|10|6,Blue|Grey|Brown
129,Oakley Holbrook Prizm - Pink (3),accessories,sunglasses,prizm|sport|pink,Oakley,150.93,171.35,12,4.3,12000,480,https://picsum.photos/seed/oakley-sunglasses-129/800/1000,3,True,,Navy
130,Carter's 2-Piece Pajama Set - Black (2),kids,sleepwear,pajamas|soft|black,Carter's,23.85,30.44,22,4.5,14031,333,https://picsum.photos/seed/carter's-sleepwear-130/800/1000,3,True,2Y|13C|1Y|12C|3Y|11C,Purple|Beige
131,Nike Air Force 1 '07 - Blue (3),footwear,sneakers,sneakers|leather|heritage|blue,Nike,122.43,143.92,15,4.8,6250,56,https://picsum.photos/seed/nike-sneakers-131/800/1000,6,True,10|9|12|7,Brown
132,Nike Air Force 1 '07 - Black (2),footwear,sneakers,sneakers|leather|heritage|black,Nike,103.39,126.88,19,4.5,13118,64,https://picsum.photos/seed/nike-sneakers-132/800/1000,6,True,8|7|6|12|9|10,Navy|Grey|Red
133,Nike Air Force 1 '07 - Red (4),footwear,sneakers,sneakers|leather|heritage|red,Nike,106.1,117.02,9,4.5,16246,357,https://picsum.photos/seed/nike-sneakers-133/800/1000,2,True,12|8|11|6|10|9,Brown
134,Herschel Little America Backpack - Black (1),accessories,bags,backpack|travel|black,Herschel,128.11,143.03,10,4.7,2164,25,https://picsum.photos/seed/herschel-bags-134/800/1000,3,True,,Navy|Pink
135,Reformation Nikita Dress - Olive (4),women,dresses,sustainable|summer|olive,Reformation,249.69,279.6,11,3.9,11945,43,https://picsum.photos/seed/reformation-dresses-135/800/1000,6,True,XXL|XS|M|XL|L,White|Black
136,Apple Watch SE (2nd Gen) - Purple (1),accessories,watches,smartwatch|fitness|purple,Apple,242.44,316.15,23,4.6,7507,166,https://picsum.photos/seed/apple-watches-136/800/1000,2,True,,White|Olive
137,Athleta Salutation Stash 7/8 Tight - Navy (4),women,activewear,leggings|performance|navy,Athleta,103.14,118.48,13,4.2,11615,219,https://picsum.photos/seed/athleta-activewear-137/800/1000,2,False,M|L|XL|S|XXL,Green|Pink|Navy
138,Fenty Beauty Gloss Bomb - Purple (1),beauty,makeup,lip gloss|shine|purple,Fenty Beauty,20.9,25.87,19,4.0,2354,176,https://picsum.photos/seed/fenty-beauty-makeup-138/800/1000,5,True,,Blue
139,Lululemon ABC Slim-Fit Pant - Pink (1),men,pants,commuter|stretch|pink,Lululemon,127.43,156.17,18,4.2,8255,125,https://picsum.photos/seed/lululemon-pants-139/800/1000,3,False,M|L|S|XL|XS|XXL,Grey|Brown|Red
140,Carhartt WIP Chase Hoodie - Grey (1),men,hoodies,fleece|street|grey,Carhartt WIP,86.66,108.67,20,4.4,10059,329,https://picsum.photos/seed/carhartt-wip-hoodies-140/800/1000,5,False,XXL|L|XS|M|S|XL,Brown
141,Adidas Ultraboost Light - White (4),footwear,running,running|boost|performance|white,Adidas,192.65,219.29,12,4.4,11468,176,https://picsum.photos/seed/adidas-running-141/800/1000,4,False,8|9|6|7|11|10,Purple|Red
142,Levi's Ribcage Straight Ankle - Red (2),women,jeans,denim|high rise|red,Levi's,118.73,146.79,19,4.2,6587,349,https://picsum.photos/seed/levi's-jeans-142/800/1000,3,True,XS|L|XL|XXL,Pink|White|Olive
143,Hoka Clifton 9 - Purple (3),footwear,running,max cushion|running|purple,Hoka,139.72,185.66,25,4.6,2724,143,https://picsum.photos/seed/hoka-running-143/800/1000,3,True,9|11|10|8|12,Green|Beige
144,Kids Nike Team Hustle D 11 - Brown (1),kids,sneakers,kids|basketball|brown,Nike,65.58,84.1,22,4.3,15722,178,https://picsum.photos/seed/nike-sneakers-144/800/1000,6,False,10C|2Y|13C|1Y|11C,Olive
145,Timberland 6-Inch Premium - Grey (1),footwear,boots,boots|waterproof|grey,Timberland,201.64,215.97,7,4.0,1693,157,https://picsum.photos/seed/timberland-boots-145/800/1000,4,True,7|6|9|12|11,Pink|White|Beige
146,Athleta Salutation Stash 7/8 Tight - Beige (2),women,activewear,leggings|performance|beige,Athleta,91.43,120.15,24,4.6,12131,212,https://picsum.photos/seed/athleta-activewear-146/800/1000,2,True,S|M|L|XL|XS|XXL,Beige|Brown|Purple
147,Kiehl's Ultra Facial Cream - Green (1),beauty,moisturizer,moisturizer|hydrating|green,Kiehl's,40.0,49.58,19,4.6,9595,149,https://picsum.photos/seed/kiehl's-moisturizer-147/800/1000,2,True,,Pink
148,Gap Kids Graphic Tee - Brown (3),kids,t-shirts,cotton|graphic|brown,Gap,19.46,20.98,7,4.0,10935,75,https://picsum.photos/seed/gap-t-shirts-148/800/1000,4,True,13C|11C|2Y|3Y|10C,White|Olive
149,Sony WH-1000XM5 - Olive (3),accessories,headphones,anc|wireless|olive,Sony,389.9,490.65,21,4.4,10074,329,https://picsum.photos/seed/sony-headphones-149/800/1000,3,False,,Brown
150,The Ordinary Niacinamide 10% + Zinc 1% - Green (2),beauty,serum,niacinamide|oil control|green,The Ordinary,11.4,13.58,16,3.9,875,18,https://picsum.photos/seed/the-ordinary-serum-150/800/1000,3,False,,Black|White|Grey
151,Dr. Martens 1460 Smooth - Blue (4),footwear,boots,boots|leather|blue,Dr. Martens,153.52,169.57,9,4.0,16927,68,https://picsum.photos/seed/dr.-martens-boots-151/800/1000,5,True,8|6|9|11|10|7,Beige
152,Kiehl's Ultra Facial Cream - Purple (1),beauty,moisturizer,moisturizer|hydrating|purple,Kiehl's,42.72,46.97,9,4.3,849,412,https://picsum.photos/seed/kiehl's-moisturizer-152/800/1000,3,True,,Purple|Red
153,Sony WH-1000XM5 - Green (2),accessories,headphones,anc|wireless|green,Sony,375.55,415.65,10,5.0,6929,65,https://picsum.photos/seed/sony-headphones-153/800/1000,2,True,,Blue|Red
154,Carhartt WIP Chase Hoodie - Grey (2),men,hoodies,fleece|street|grey,Carhartt WIP,85.6,100.42,15,3.9,15450,98,https://picsum.photos/seed/carhartt-wip-hoodies-154/800/1000,6,False,S|M|L|XL,Blue|Olive|Green
155,Ray-Ban Wayfarer Classic - Purple (4),accessories,sunglasses,acetate|uv|purple,Ray-Ban,174.95,187.87,7,4.7,15590,354,https://picsum.photos/seed/ray-ban-sunglasses-155/800/1000,3,False,,Purple|Brown|Green
156,Casio G-Shock DW5600 - Purple (4),accessories,watches,shock resistant|digital|purple,Casio,97.77,115.32,15,4.7,3191,160,https://picsum.photos/seed/casio-watches-156/800/1000,2,True,,Pink|Green
157,Birkenstock Arizona EVA - Olive (1),footwear,sandals,sandals|summer|olive,Birkenstock,53.31,56.38,5,4.2,1597,353,https://picsum.photos/seed/birkenstock-sandals-157/800/1000,3,False,12|9|11|7|10,Green|Navy
158,Sony WH-1000XM5 - Navy (2),accessories,headphones,anc|wireless|navy,Sony,382.22,458.4,17,4.7,5062,319,https://picsum.photos/seed/sony-headphones-158/800/1000,3,True,,Red
159,CeraVe Hydrating Facial Cleanser - Green (4),beauty,skincare,cleanser|ceramides|green,CeraVe,17.55,22.83,23,4.3,7322,136,https://picsum.photos/seed/cerave-skincare-159/800/1000,2,True,,Green
160,Tumi Alpha 3 Expandable Brief - Pink (4),accessories,bags,brief|travel|pink,Tumi,547.64,663.47,17,4.3,16655,382,https://picsum.photos/seed/tumi-bags-160/800/1000,4,True,,Beige|Purple|Brown
161,Patagonia Better Sweater Fleece - Blue (3),women,sweaters,fleece|outdoor|blue,Patagonia,143.04,173.14,17,4.1,9704,364,https://picsum.photos/seed/patagonia-sweaters-161/800/1000,3,True,XXL|XS|S|XL,Pink|Grey|Black
162,Skip Hop Diaper Backpack - Pink (2),kids,bags,parents|diaper|pink,Skip Hop,68.71,81.87,16,4.0,14092,426,https://picsum.photos/seed/skip-hop-bags-162/800/1000,5,False,13C|11C|10C|2Y|1Y,Black
163,Nike Air Force 1 '07 - Blue (3),footwear,sneakers,sneakers|leather|heritage|blue,Nike,107.89,114.54,6,4.1,1334,271,https://picsum.photos/seed/nike-sneakers-163/800/1000,5,True,12|6|10|9,Purple
164,Arc'teryx Atom LT Hoody - White (3),men,jackets,insulated|outdoor|white,Arc'teryx,319.52,363.14,12,4.1,14567,324,https://picsum.photos/seed/arc'teryx-jackets-164/800/1000,3,True,XS|S|L|XL|M|XXL,Black
165,Apple Watch SE (2nd Gen) - Grey (4),accessories,watches,smartwatch|fitness|grey,Apple,276.98,295.77,6,3.9,10626,450,https://picsum.photos/seed/apple-watches-165/800/1000,6,True,,Black|Green|Beige
166,Herschel Little America Backpack - Navy (4),accessories,bags,backpack|travel|navy,Herschel,135.8,152.09,11,4.9,16193,95,https://picsum.photos/seed/herschel-bags-166/800/1000,6,True,,Beige
167,Everlane Organic Cotton Box-Cut Tee - Blue (1),women,tops,basics|cotton|blue,Everlane,27.96,29.99,7,4.7,1588,344,https://picsum.photos/seed/everlane-tops-167/800/1000,6,True,L|M|XS|S|XL,Red|White
168,Dyson Supersonic Hair Dryer - Beige (4),beauty,haircare,hair dryer|premium|beige,Dyson,425.45,466.47,9,4.3,2311,294,https://picsum.photos/seed/dyson-haircare-168/800/1000,5,True,,Black
169,New Balance 990v6 - Pink (3),footwear,running,running|made in usa|suede|pink,New Balance,189.01,241.03,22,5.0,10131,127,https://picsum.photos/seed/new-balance-running-169/800/1000,6,True,10|8|7,Blue
170,Nike Dri-FIT Challenger Shorts - Purple (3),men,shorts,running|lightweight|purple,Nike,43.02,54.63,21,3.9,1133,236,https://picsum.photos/seed/nike-shorts-170/800/1000,5,False,XL|XXL|XS,Green
171,Sephora Collection Cream Lip Stain - Purple (3),beauty,makeup,lip|matte|purple,Sephora Collection,14.88,17.4,14,4.8,14260,415,https://picsum.photos/seed/sephora-collection-makeup-171/800/1000,4,True,,Brown|Red|Blue
172,Bose QuietComfort Ultra - Blue (4),accessories,headphones,anc|comfort|blue,Bose,475.9,522.48,9,3.9,12281,410,https://picsum.photos/seed/bose-headphones-172/800/1000,4,True,,Blue
173,Dr. Martens 1460 Smooth - Red (3),footwear,boots,boots|leather|red,Dr. Martens,156.55,165.64,5,3.8,11208,407,https://picsum.photos/seed/dr.-martens-boots-173/800/1000,6,False,6|8|7|11|10,White
174,Herschel Little America Backpack - Olive (3),accessories,bags,backpack|travel|olive,Herschel,128.82,145.29,11,4.5,9662,2,https://picsum.photos/seed/herschel-bags-174/800/1000,5,True,,Black|Red|White
175,Rains Long Jacket - Navy (2),men,jackets,rain|lightweight|navy,Rains,127.18,144.5,12,4.9,860,429,https://picsum.photos/seed/rains-jackets-175/800/1000,5,True,S|XS|M,Green|Brown|Navy
176,New Balance 990v6 - Olive (1),footwear,running,running|made in usa|suede|olive,New Balance,187.68,203.32,8,4.3,12816,43,https://picsum.photos/seed/new-balance-running-176/800/1000,4,False,9|12|10,White|Green|Pink
177,Kiehl's Ultra Facial Cream - Pink (1),beauty,moisturizer,moisturizer|hydrating|pink,Kiehl's,40.15,47.85,16,4.1,1279,54,https://picsum.photos/seed/kiehl's-moisturizer-177/800/1000,3,True,,Green|Black
178,Birkenstock Arizona EVA - Blue (3),footwear,sandals,sandals|summer|blue,Birkenstock,49.43,53.76,8,4.5,7151,22,https://picsum.photos/seed/birkenstock-sandals-178/800/1000,3,False,8|9|6|7|10|11,Brown|Beige
179,Oakley Holbrook Prizm - Olive (2),accessories,sunglasses,prizm|sport|olive,Oakley,155.9,186.5,16,4.9,654,50,https://picsum.photos/seed/oakley-sunglasses-179/800/1000,6,False,,Purple
180,Lululemon ABC Slim-Fit Pant - Grey (2),men,pants,commuter|stretch|grey,Lululemon,134.34,174.22,23,4.6,17633,170,https://picsum.photos/seed/lululemon-pants-180/800/1000,6,True,XXL|M|L|XS,White|Grey|Beige
181,LEGO Classic Bricks and Wheels - Navy (4),kids,toys,lego|creative|navy,LEGO,29.6,39.27,25,4.9,15181,76,https://picsum.photos/seed/lego-toys-181/800/1000,2,False,2Y|11C|3Y,Purple
182,Kindle Paperwhite 11th Gen - Grey (2),accessories,ereader,ereader|waterproof|grey,Amazon,147.33,194.03,24,4.2,6845,380,https://picsum.photos/seed/amazon-ereader-182/800/1000,6,True,,Black
183,COS Relaxed Linen Shirt - Blue (4),men,shirts,linen|summer|blue,COS,80.87,101.56,20,4.0,2656,94,https://picsum.photos/seed/cos-shirts-183/800/1000,2,True,XXL|S|L|XL,Red
184,Aritzia Super Puff - Olive (2),women,jackets,puffer|winter|olive,Aritzia,226.26,239.36,5,4.0,4017,431,https://picsum.photos/seed/aritzia-jackets-184/800/1000,6,True,XL|L|XS|S|M,Grey|Red|Black
185,LEGO Classic Bricks and Wheels - Brown (4),kids,toys,lego|creative|brown,LEGO,32.81,35.03,6,4.5,6890,50,https://picsum.photos/seed/lego-toys-185/800/1000,6,True,12C|3Y,Navy|Red|Grey
186,CeraVe Hydrating Facial Cleanser - Red (2),beauty,skincare,cleanser|ceramides|red,CeraVe,17.05,18.52,8,4.4,9750,102,https://picsum.photos/seed/cerave-skincare-186/800/1000,2,False,,Beige|Navy
187,Patagonia Better Sweater Fleece - Red (3),women,sweaters,fleece|outdoor|red,Patagonia,153.68,169.72,9,4.3,12410,103,https://picsum.photos/seed/patagonia-sweaters-187/800/1000,6,True,XL|XXL|M|S|L,Navy|Green|White
188,Carhartt WIP Chase Hoodie - Pink (2),men,hoodies,fleece|street|pink,Carhartt WIP,89.85,98.82,9,4.3,5806,15,https://picsum.photos/seed/carhartt-wip-hoodies-188/800/1000,3,True,S|M|L,Purple|Blue
189,Anker 737 Power Bank - Black (1),accessories,gadgets,power bank|usb-c|black,Anker,147.36,186.54,21,4.9,254,112,https://picsum.photos/seed/anker-gadgets-189/800/1000,5,True,,Pink
190,COS Relaxed Linen Shirt - Green (3),men,shirts,linen|summer|green,COS,101.33,128.0,21,4.5,17461,464,https://picsum.photos/seed/cos-shirts-190/800/1000,5,False,M|S|XS|XL|L,Pink|White
191,Patagonia Better Sweater Fleece - Navy (4),women,sweaters,fleece|outdoor|navy,Patagonia,138.38,148.05,7,5.0,15190,417,https://picsum.photos/seed/patagonia-sweaters-191/800/1000,3,True,XXL|M|XL|XS|L|S,Pink|Beige|Grey
192,Levi's Ribcage Straight Ankle - Navy (3),women,jeans,denim|high rise|navy,Levi's,111.58,130.19,14,4.4,1219,319,https://picsum.photos/seed/levi's-jeans-192/800/1000,4,False,L|M|XL,Green|Black|Olive
193,Herschel Little America Backpack - Grey (1),accessories,bags,backpack|travel|grey,Herschel,126.85,162.56,22,4.9,8021,249,https://picsum.photos/seed/herschel-bags-193/800/1000,4,True,,Navy|Beige
194,Aritzia Super Puff - Beige (2),women,jackets,puffer|winter|beige,Aritzia,267.08,292.58,9,4.6,15750,187,https://picsum.photos/seed/aritzia-jackets-194/800/1000,3,True,XXL|S|M,Olive|Grey
195,Tumi Alpha 3 Expandable Brief - Navy (3),accessories,bags,brief|travel|navy,Tumi,473.02,623.08,24,4.8,11643,412,https://picsum.photos/seed/tumi-bags-195/800/1000,3,True,,Green|Red|White
196,Vuori Halo Performance Hoodie - Green (1),women,hoodies,athleisure|soft|green,Vuori,97.76,124.31,21,4.4,8972,68,https://picsum.photos/seed/vuori-hoodies-196/800/1000,5,True,L|XL|XS|S,Grey|Red|Black
197,Converse Chuck 70 High - White (2),footwear,sneakers,canvas|lifestyle|white,Converse,92.67,116.54,20,4.7,2592,126,https://picsum.photos/seed/converse-sneakers-197/800/1000,4,True,9|8|10|12|11,Brown|Blue|Grey
198,Kids Nike Team Hustle D 11 - Pink (3),kids,sneakers,kids|basketball|pink,Nike,63.95,83.49,23,4.4,14019,451,https://picsum.photos/seed/nike-sneakers-198/800/1000,3,True,11C|2Y|3Y|13C|1Y|10C|12C,Red
199,The Ordinary Niacinamide 10% + Zinc 1% - Brown (3),beauty,serum,niacinamide|oil control|brown,The Ordinary,13.68,18.35,25,4.1,5903,404,https://picsum.photos/seed/the-ordinary-serum-199/800/1000,5,True,,Navy|Red|Green
200,Sephora Collection Cream Lip Stain - Navy (1),beauty,makeup,lip|matte|navy,Sephora Collection,16.65,19.84,16,4.3,13891,234,https://picsum.photos/seed/sephora-collection-makeup-200/800/1000,5,True,,Navy|Blue|Purple
201,Bellroy Slim Sleeve Wallet - Brown (3),accessories,wallets,leather|rfid|brown,Bellroy,80.6,99.04,19,4.7,13923,214,https://picsum.photos/seed/bellroy-wallets-201/800/1000,3,False,,Navy
202,Oakley Holbrook Prizm - Black (2),accessories,sunglasses,prizm|sport|black,Oakley,150.24,165.17,9,4.7,10694,7,https://picsum.photos/seed/oakley-sunglasses-202/800/1000,6,False,,Olive
203,Apple Watch SE (2nd Gen) - Pink (3),accessories,watches,smartwatch|fitness|pink,Apple,283.33,343.35,17,3.9,9646,390,https://picsum.photos/seed/apple-watches-203/800/1000,3,True,,Green|Navy
204,La Roche-Posay Anthelios SPF 60 - Pink (4),beauty,skincare,sunscreen|spf|pink,La Roche-Posay,34.27,42.61,20,4.9,14925,365,https://picsum.photos/seed/la-roche-posay-skincare-204/800/1000,5,True,,Navy
205,Carhartt WIP Chase Hoodie - Olive (3),men,hoodies,fleece|street|olive,Carhartt WIP,101.96,116.55,13,4.1,15693,62,https://picsum.photos/seed/carhartt-wip-hoodies-205/800/1000,2,True,L|S|XS|XL|XXL|M,Navy|Red|Blue
206,Lululemon ABC Slim-Fit Pant - Blue (2),men,pants,commuter|stretch|blue,Lululemon,120.08,126.49,5,4.3,5404,4,https://picsum.photos/seed/lululemon-pants-206/800/1000,3,True,XL|XS|S|M|L|XXL,Red|White
207,Gap Kids Graphic Tee - Green (1),kids,t-shirts,cotton|graphic|green,Gap,18.17,20.88,13,4.5,6559,39,https://picsum.photos/seed/gap-t-shirts-207/800/1000,4,True,11C|1Y|13C|3Y|12C,Grey
208,Sony WH-1000XM5 - White (4),accessories,headphones,anc|wireless|white,Sony,400.56,434.3,8,3.9,15600,382,https://picsum.photos/seed/sony-headphones-208/800/1000,2,True,,Green
209,Carhartt WIP Chase Hoodie - Beige (2),men,hoodies,fleece|street|beige,Carhartt WIP,87.49,116.4,25,4.9,3787,207,https://picsum.photos/seed/carhartt-wip-hoodies-209/800/1000,5,False,XXL|M|XL|S,Olive|Navy
210,Bellroy Slim Sleeve Wallet - Pink (2),accessories,wallets,leather|rfid|pink,Bellroy,88.96,117.72,24,4.3,4411,362,https://picsum.photos/seed/bellroy-wallets-210/800/1000,2,True,,Blue|Brown
211,Levi's 501 Original Fit Jeans - Blue (3),men,jeans,denim|heritage|blue,Levi's,100.94,119.03,15,3.9,4362,410,https://picsum.photos/seed/levi's-jeans-211/800/1000,5,False,M|XXL|XS|L,Blue
212,Sony WH-1000XM5 - Black (1),accessories,headphones,anc|wireless|black,Sony,362.43,452.18,20,3.9,3101,354,https://picsum.photos/seed/sony-headphones-212/800/1000,6,True,,Red|White
213,Arc'teryx Atom LT Hoody - Blue (3),men,jackets,insulated|outdoor|blue,Arc'teryx,258.29,290.6,11,5.0,2738,363,https://picsum.photos/seed/arc'teryx-jackets-213/800/1000,5,True,XL|XS|S,Beige|Red|Olive
214,Dr. Martens 1460 Smooth - Beige (4),footwear,boots,boots|leather|beige,Dr. Martens,162.35,199.14,18,4.6,15846,262,https://picsum.photos/seed/dr.-martens-boots-214/800/1000,4,False,10|6|9|12|8|7|11,Navy|White
215,COS Relaxed Linen Shirt - Red (4),men,shirts,linen|summer|red,COS,98.57,126.07,22,3.9,7296,337,https://picsum.photos/seed/cos-shirts-215/800/1000,4,True,XXL|M|L|XS|S,Pink
216,Bellroy Slim Sleeve Wallet - Black (2),accessories,wallets,leather|rfid|black,Bellroy,77.79,97.97,21,4.0,7542,148,https://picsum.photos/seed/bellroy-wallets-216/800/1000,4,False,,White|Navy|Grey
217,Dr. Martens 1460 Smooth - Beige (2),footwear,boots,boots|leather|beige,Dr. Martens,159.63,200.61,20,5.0,3969,384,https://picsum.photos/seed/dr.-martens-boots-217/800/1000,5,False,8|12|10|6|11,Navy
218,CeraVe Hydrating Facial Cleanser - Olive (3),beauty,skincare,cleanser|ceramides|olive,CeraVe,15.09,15.94,5,4.4,9724,144,https://picsum.photos/seed/cerave-skincare-218/800/1000,6,True,,Navy
219,LEGO Classic Bricks and Wheels - Navy (3),kids,toys,lego|creative|navy,LEGO,27.84,34.53,19,5.0,1913,476,https://picsum.photos/seed/lego-toys-219/800/1000,6,True,13C|10C,White
220,New Balance 990v6 - Navy (2),footwear,running,running|made in usa|suede|navy,New Balance,224.59,256.16,12,4.0,808,411,https://picsum.photos/seed/new-balance-running-220/800/1000,3,True,6|12|11|10,Green|Brown
221,Arc'teryx Atom LT Hoody - Pink (4),men,jackets,insulated|outdoor|pink,Arc'teryx,261.34,292.86,11,4.7,4623,54,https://picsum.photos/seed/arc'teryx-jackets-221/800/1000,6,True,S|M|XL|XXL,Green
222,Allbirds Wool Runner - Navy (4),footwear,sneakers,merino|sustainable|navy,Allbirds,114.06,136.71,17,4.7,4124,276,https://picsum.photos/seed/allbirds-sneakers-222/800/1000,5,True,8|10|7|11|6|9,Pink|Black
223,Vuori Halo Performance Hoodie - Pink (4),women,hoodies,athleisure|soft|pink,Vuori,101.97,110.25,8,4.3,1681,494,https://picsum.photos/seed/vuori-hoodies-223/800/1000,3,True,S|XXL|L|M,Brown|Navy|Blue
224,Herschel Little America Backpack - Purple (1),accessories,bags,backpack|travel|purple,Herschel,118.59,127.83,7,4.0,6115,326,https://picsum.photos/seed/herschel-bags-224/800/1000,3,True,,Red|Pink
225,COS Relaxed Linen Shirt - Black (3),men,shirts,linen|summer|black,COS,89.58,101.75,12,4.1,10102,259,https://picsum.photos/seed/cos-shirts-225/800/1000,6,False,XS|XL|XXL|L,Black|Beige
226,Bose QuietComfort Ultra - Blue (4),accessories,headphones,anc|comfort|blue,Bose,438.12,467.67,6,4.4,3998,383,https://picsum.photos/seed/bose-headphones-226/800/1000,4,True,,Olive|Black
227,Garmin Forerunner 265 - Grey (4),accessories,watches,gps|running|grey,Garmin,420.5,527.66,20,4.3,6476,247,https://picsum.photos/seed/garmin-watches-227/800/1000,5,True,,Pink|Beige
228,La Roche-Posay Anthelios SPF 60 - Black (3),beauty,skincare,sunscreen|spf|black,La Roche-Posay,34.99,37.64,7,4.2,9708,371,https://picsum.photos/seed/la-roche-posay-skincare-228/800/1000,4,False,,Navy|Green|Olive
229,Levi's Ribcage Straight Ankle - Purple (2),women,jeans,denim|high rise|purple,Levi's,106.33,140.69,24,5.0,7685,350,https://picsum.photos/seed/levi's-jeans-229/800/1000,3,False,M|XS|L|S|XXL,Olive|Red|Black
230,Apple Watch SE (2nd Gen) - Olive (2),accessories,watches,smartwatch|fitness|olive,Apple,279.41,298.06,6,4.8,3317,204,https://picsum.photos/seed/apple-watches-230/800/1000,5,True,,Pink
231,Birkenstock Arizona EVA - White (4),footwear,sandals,sandals|summer|white,Birkenstock,53.25,57.25,7,4.4,17133,480,https://picsum.photos/seed/birkenstock-sandals-231/800/1000,3,True,8|11|7|6|9|12,Grey|Purple
232,Rains Long Jacket - Red (3),men,jackets,rain|lightweight|red,Rains,126.52,137.96,8,5.0,2934,98,https://picsum.photos/seed/rains-jackets-232/800/1000,5,True,M|S|XXL,Green|Brown
233,Bose QuietComfort Ultra - Brown (3),accessories,headphones,anc|comfort|brown,Bose,490.25,584.11,16,4.3,2907,451,https://picsum.photos/seed/bose-headphones-233/800/1000,4,True,,Blue|Navy
234,Madewell Transport Tote - Red (2),accessories,bags,tote|leather|red,Madewell,196.35,248.57,21,4.0,3405,478,https://picsum.photos/seed/madewell-bags-234/800/1000,6,False,,Red|Pink|White
235,Birkenstock Arizona EVA - Beige (1),footwear,sandals,sandals|summer|beige,Birkenstock,45.48,50.4,10,4.4,11503,103,https://picsum.photos/seed/birkenstock-sandals-235/800/1000,4,True,7|10|8,Purple|Brown
236,Sephora Collection Cream Lip Stain - Pink (2),beauty,makeup,lip|matte|pink,Sephora Collection,16.32,19.86,18,4.6,14905,448,https://picsum.photos/seed/sephora-collection-makeup-236/800/1000,5,True,,Purple
237,CeraVe Hydrating Facial Cleanser - Beige (2),beauty,skincare,cleanser|ceramides|beige,CeraVe,15.68,19.85,21,4.6,16967,62,https://picsum.photos/seed/cerave-skincare-237/800/1000,6,True,,Brown|Grey|Pink
238,Apple Watch SE (2nd Gen) - Purple (1),accessories,watches,smartwatch|fitness|purple,Apple,249.78,292.97,15,4.2,9405,350,https://picsum.photos/seed/apple-watches-238/800/1000,4,True,,Olive|Grey|Brown
239,Carhartt WIP Chase Hoodie - Brown (3),men,hoodies,fleece|street|brown,Carhartt WIP,96.67,114.93,16,4.6,16903,62,https://picsum.photos/seed/carhartt-wip-hoodies-239/800/1000,4,True,S|XXL|M|L,Navy|Brown|Red
240,Levi's 501 Original Fit Jeans - Navy (1),men,jeans,denim|heritage|navy,Levi's,100.54,122.9,18,4.6,5067,426,https://picsum.photos/seed/levi's-jeans-240/800/1000,6,True,XL|L|XXL|S|M,Grey|Olive|Green
241,Hoka Clifton 9 - Purple (2),footwear,running,max cushion|running|purple,Hoka,142.72,177.76,20,5.0,1105,13,https://picsum.photos/seed/hoka-running-241/800/1000,2,True,6|10|7|12,Olive|Green
242,Dr. Martens 1460 Smooth - Grey (1),footwear,boots,boots|leather|grey,Dr. Martens,157.14,166.47,6,4.2,15227,113,https://picsum.photos/seed/dr.-martens-boots-242/800/1000,2,True,8|11|7|12|10,White|Green|Blue
243,Converse Chuck 70 High - Blue (4),footwear,sneakers,canvas|lifestyle|blue,Converse,97.4,110.19,12,4.2,6681,498,https://picsum.photos/seed/converse-sneakers-243/800/1000,3,True,7|9|8|11,Brown|Grey
244,Garmin Forerunner 265 - Red (4),accessories,watches,gps|running|red,Garmin,444.83,472.02,6,4.0,6410,377,https://picsum.photos/seed/garmin-watches-244/800/1000,3,True,,White|Beige|Blue
245,Gap Kids Graphic Tee - Pink (4),kids,t-shirts,cotton|graphic|pink,Gap,20.47,27.46,25,4.3,14130,192,https://picsum.photos/seed/gap-t-shirts-245/800/1000,4,True,3Y|12C|1Y|10C|2Y|13C|11C,Grey|Navy
246,Casio G-Shock DW5600 - Brown (2),accessories,watches,shock resistant|digital|brown,Casio,109.35,135.63,19,3.9,8941,225,https://picsum.photos/seed/casio-watches-246/800/1000,6,True,,Brown
247,Reformation Nikita Dress - Brown (4),women,dresses,sustainable|summer|brown,Reformation,270.16,288.01,6,4.5,13536,240,https://picsum.photos/seed/reformation-dresses-247/800/1000,4,True,M|L|S|XXL,Blue|Grey
248,Carter's 2-Piece Pajama Set - Navy (4),kids,sleepwear,pajamas|soft|navy,Carter's,24.51,31.01,21,4.7,11169,154,https://picsum.photos/seed/carter's-sleepwear-248/800/1000,5,True,11C|13C|10C|2Y,Purple|Red
249,LEGO Classic Bricks and Wheels - Pink (4),kids,toys,lego|creative|pink,LEGO,27.32,30.86,11,3.9,2704,491,https://picsum.photos/seed/lego-toys-249/800/1000,6,True,1Y|12C|10C,White|Navy
250,Nike Dri-FIT Challenger Shorts - Brown (3),men,shorts,running|lightweight|brown,Nike,46.59,60.91,24,4.6,10758,360,https://picsum.photos/seed/nike-shorts-250/800/1000,4,True,XS|L|S|XL,Pink|Grey
251,LEGO Classic Bricks and Wheels - Grey (2),kids,toys,lego|creative|grey,LEGO,28.48,30.84,8,4.2,7921,314,https://picsum.photos/seed/lego-toys-251/800/1000,2,True,1Y|3Y|10C|11C,Pink
252,Levi's 501 Original Fit Jeans - Green (1),men,jeans,denim|heritage|green,Levi's,90.08,105.53,15,4.4,9060,193,https://picsum.photos/seed/levi's-jeans-252/800/1000,5,True,M|XL|L|XS|S|XXL,Green|Red|Pink
253,LEGO Classic Bricks and Wheels - White (4),kids,toys,lego|creative|white,LEGO,28.22,36.6,23,4.5,12618,167,https://picsum.photos/seed/lego-toys-253/800/1000,6,False,10C|2Y|13C|3Y|1Y,Black|Beige
254,Bellroy Slim Sleeve Wallet - Purple (1),accessories,wallets,leather|rfid|purple,Bellroy,88.63,111.2,20,4.7,4145,158,https://picsum.photos/seed/bellroy-wallets-254/800/1000,4,True,,Green
255,Dyson Supersonic Hair Dryer - White (2),beauty,haircare,hair dryer|premium|white,Dyson,489.03,543.32,10,4.3,3275,27,https://picsum.photos/seed/dyson-haircare-255/800/1000,5,True,,Brown|Olive
256,The North Face Nuptse Jacket - Pink (1),women,jackets,down|outdoor|pink,The North Face,291.28,389.43,25,4.8,7063,304,https://picsum.photos/seed/the-north-face-jackets-256/800/1000,5,False,XL|S|M|XXL|L|XS,Navy|Brown
257,Levi's Ribcage Straight Ankle - Beige (1),women,jeans,denim|high rise|beige,Levi's,116.35,137.11,15,3.9,10798,3,https://picsum.photos/seed/levi's-jeans-257/800/1000,3,True,S|XXL|XS|L|XL|M,Blue
258,Tumi Alpha 3 Expandable Brief - Olive (4),accessories,bags,brief|travel|olive,Tumi,482.49,650.43,26,4.9,5084,198,https://picsum.photos/seed/tumi-bags-258/800/1000,5,True,,Grey
259,Apple Watch SE (2nd Gen) - White (3),accessories,watches,smartwatch|fitness|white,Apple,254.59,341.78,26,4.4,16075,97,https://picsum.photos/seed/apple-watches-259/800/1000,4,True,,Beige|Purple|Pink
260,COS Relaxed Linen Shirt - Beige (1),men,shirts,linen|summer|beige,COS,91.12,114.98,21,4.6,9609,105,https://picsum.photos/seed/cos-shirts-260/800/1000,3,True,XXL|XL|S|XS,Olive|Brown
261,Nike Air Force 1 '07 - Olive (2),footwear,sneakers,sneakers|leather|heritage|olive,Nike,106.99,135.06,21,5.0,8512,85,https://picsum.photos/seed/nike-sneakers-261/800/1000,4,True,7|10|8|9,Red|Purple
262,Madewell Transport Tote - Green (2),accessories,bags,tote|leather|green,Madewell,177.5,197.42,10,4.8,10250,495,https://picsum.photos/seed/madewell-bags-262/800/1000,3,True,,Green
263,Carhartt WIP Chase Hoodie - Black (3),men,hoodies,fleece|street|black,Carhartt WIP,85.49,113.9,25,4.0,14584,128,https://picsum.photos/seed/carhartt-wip-hoodies-263/800/1000,5,True,XL|M|S|L|XS,Purple|Green|Black
264,Levi's Ribcage Straight Ankle - Brown (3),women,jeans,denim|high rise|brown,Levi's,116.22,129.1,10,4.2,14101,0,https://picsum.photos/seed/levi's-jeans-264/800/1000,5,True,M|XXL|XS|S,White
265,Oakley Holbrook Prizm - Beige (3),accessories,sunglasses,prizm|sport|beige,Oakley,149.49,170.79,12,4.5,17931,329,https://picsum.photos/seed/oakley-sunglasses-265/800/1000,5,True,,Blue|Brown|Green
266,Nike Air Force 1 '07 - Green (4),footwear,sneakers,sneakers|leather|heritage|green,Nike,121.61,128.89,6,4.1,11212,223,https://picsum.photos/seed/nike-sneakers-266/800/1000,4,True,6|12|7,Blue|Purple|Beige
267,LEGO Classic Bricks and Wheels - Brown (3),kids,toys,lego|creative|brown,LEGO,31.0,38.49,19,5.0,570,136,https://picsum.photos/seed/lego-toys-267/800/1000,3,True,2Y|1Y|12C,Pink
268,Olaplex No.3 Hair Perfector - Blue (4),beauty,haircare,bond repair|hair|blue,Olaplex,27.12,30.66,12,4.8,892,187,https://picsum.photos/seed/olaplex-haircare-268/800/1000,4,True,,Purple
269,Athleta Salutation Stash 7/8 Tight - Grey (1),women,activewear,leggings|performance|grey,Athleta,112.0,129.58,14,4.6,15601,147,https://picsum.photos/seed/athleta-activewear-269/800/1000,5,False,XS|XL|M,Green
270,Arc'teryx Atom LT Hoody - Beige (2),men,jackets,insulated|outdoor|beige,Arc'teryx,283.64,314.05,10,4.2,479,327,https://picsum.photos/seed/arc'teryx-jackets-270/800/1000,6,True,S|XS|L,Brown
271,Levi's Ribcage Straight Ankle - Grey (3),women,jeans,denim|high rise|grey,Levi's,108.89,139.57,22,4.0,9308,367,https://picsum.photos/seed/levi's-jeans-271/800/1000,3,True,XL|XXL|M|XS|S,White|Navy|Black
272,Madewell Transport Tote - Beige (4),accessories,bags,tote|leather|beige,Madewell,199.29,268.81,26,4.0,1831,177,https://picsum.photos/seed/madewell-bags-272/800/1000,3,True,,White
273,The North Face Nuptse Jacket - Purple (1),women,jackets,down|outdoor|purple,The North Face,338.86,413.75,18,4.9,5439,165,https://picsum.photos/seed/the-north-face-jackets-273/800/1000,2,True,S|XXL|M|L,Purple|Navy
274,Levi's Ribcage Straight Ankle - Black (1),women,jeans,denim|high rise|black,Levi's,117.1,149.5,22,4.9,2656,280,https://picsum.photos/seed/levi's-jeans-274/800/1000,6,False,M|S|XL|XXL,Olive|Navy
275,Bellroy Slim Sleeve Wallet - Olive (1),accessories,wallets,leather|rfid|olive,Bellroy,87.35,111.49,22,4.0,16026,160,https://picsum.photos/seed/bellroy-wallets-275/800/1000,5,False,,Red|Black|Purple
276,LEGO Classic Bricks and Wheels - Red (3),kids,toys,lego|creative|red,LEGO,29.72,39.51,25,4.0,7577,250,https://picsum.photos/seed/lego-toys-276/800/1000,5,True,12C|1Y|10C|2Y|13C|3Y,Black|Navy|Red
277,Madewell Transport Tote - Red (4),accessories,bags,tote|leather|red,Madewell,211.25,250.98,16,4.4,11518,341,https://picsum.photos/seed/madewell-bags-277/800/1000,5,True,,Purple|Olive
278,Bose QuietComfort Ultra - Red (2),accessories,headphones,anc|comfort|red,Bose,405.12,458.28,12,4.0,12460,112,https://picsum.photos/seed/bose-headphones-278/800/1000,6,True,,White|Red
279,Gap Kids Graphic Tee - Purple (1),kids,t-shirts,cotton|graphic|purple,Gap,18.98,23.38,19,4.4,7425,291,https://picsum.photos/seed/gap-t-shirts-279/800/1000,5,False,1Y|11C|12C|10C|2Y|13C|3Y,Beige
280,LEGO Classic Bricks and Wheels - Brown (3),kids,toys,lego|creative|brown,LEGO,31.23,36.34,14,4.6,5817,120,https://picsum.photos/seed/lego-toys-280/800/1000,4,False,13C|3Y|12C,White|Pink
281,Apple Watch SE (2nd Gen) - White (2),accessories,watches,smartwatch|fitness|white,Apple,239.15,258.55,8,4.7,10048,296,https://picsum.photos/seed/apple-watches-281/800/1000,4,True,,Brown|Blue
282,Fenty Beauty Gloss Bomb - Purple (2),beauty,makeup,lip gloss|shine|purple,Fenty Beauty,20.71,23.57,12,4.8,16823,387,https://picsum.photos/seed/fenty-beauty-makeup-282/800/1000,3,True,,Blue|Grey|Beige
283,Apple Watch SE (2nd Gen) - White (3),accessories,watches,smartwatch|fitness|white,Apple,237.32,253.47,6,4.2,2967,113,https://picsum.photos/seed/apple-watches-283/800/1000,4,True,,Green|White|Black
284,Oakley Holbrook Prizm - White (1),accessories,sunglasses,prizm|sport|white,Oakley,176.42,192.25,8,4.8,13491,342,https://picsum.photos/seed/oakley-sunglasses-284/800/1000,2,True,,Red|Pink
285,Birkenstock Arizona EVA - Purple (4),footwear,sandals,sandals|summer|purple,Birkenstock,54.46,66.48,18,4.1,12158,12,https://picsum.photos/seed/birkenstock-sandals-285/800/1000,4,True,12|10|11|9|8,Red
286,Gap Kids Graphic Tee - Brown (2),kids,t-shirts,cotton|graphic|brown,Gap,17.19,20.24,15,4.9,10586,108,https://picsum.photos/seed/gap-t-shirts-286/800/1000,4,True,13C|10C|2Y|12C|3Y,Purple
287,The North Face Nuptse Jacket - White (1),women,jackets,down|outdoor|white,The North Face,367.66,427.0,14,4.1,7959,93,https://picsum.photos/seed/the-north-face-jackets-287/800/1000,5,True,L|XXL|XL|S,Pink
288,Olaplex No.3 Hair Perfector - Grey (4),beauty,haircare,bond repair|hair|grey,Olaplex,30.34,36.91,18,4.8,7822,279,https://picsum.photos/seed/olaplex-haircare-288/800/1000,6,False,,Grey|Pink
289,Converse Chuck 70 High - Purple (1),footwear,sneakers,canvas|lifestyle|purple,Converse,97.05,128.76,25,3.8,7915,87,https://picsum.photos/seed/converse-sneakers-289/800/1000,5,False,12|6|8|9,Brown|Green|White
290,Kiehl's Ultra Facial Cream - Purple (1),beauty,moisturizer,moisturizer|hydrating|purple,Kiehl's,40.51,53.23,24,4.5,12918,417,https://picsum.photos/seed/kiehl's-moisturizer-290/800/1000,3,True,,Beige|Olive|Green
291,Hoka Clifton 9 - Brown (3),footwear,running,max cushion|running|brown,Hoka,131.69,144.49,9,3.8,16631,467,https://picsum.photos/seed/hoka-running-291/800/1000,5,False,9|8|11|6|12|10|7,Brown|Red
292,Aritzia Super Puff - Purple (1),women,jackets,puffer|winter|purple,Aritzia,283.87,339.79,16,4.9,683,130,https://picsum.photos/seed/aritzia-jackets-292/800/1000,4,False,XS|L|XXL|XL|M,Brown|White|Blue
293,Dr. Martens 1460 Smooth - Navy (2),footwear,boots,boots|leather|navy,Dr. Martens,167.84,193.2,13,4.7,7252,492,https://picsum.photos/seed/dr.-martens-boots-293/800/1000,6,False,6|10|7|8|11|9,Red
294,Nike Air Force 1 '07 - Purple (3),footwear,sneakers,sneakers|leather|heritage|purple,Nike,122.82,142.05,14,3.9,6543,348,https://picsum.photos/seed/nike-sneakers-294/800/1000,3,False,12|11|8,Brown|Olive|White
295,Skip Hop Diaper Backpack - Black (1),kids,bags,parents|diaper|black,Skip Hop,72.11,83.08,13,4.6,3255,226,https://picsum.photos/seed/skip-hop-bags-295/800/1000,2,False,3Y|13C|10C|1Y|2Y|12C,Black|Blue
296,CeraVe Hydrating Facial Cleanser - Red (2),beauty,skincare,cleanser|ceramides|red,CeraVe,15.41,18.47,17,4.4,10723,197,https://picsum.photos/seed/cerave-skincare-296/800/1000,4,True,,Red
297,Gap Kids Graphic Tee - Olive (2),kids,t-shirts,cotton|graphic|olive,Gap,19.7,23.4,16,4.7,5776,31,https://picsum.photos/seed/gap-t-shirts-297/800/1000,4,True,1Y|10C|13C,Beige|Grey
298,Garmin Forerunner 265 - Brown (1),accessories,watches,gps|running|brown,Garmin,496.39,657.29,24,4.2,4397,184,https://picsum.photos/seed/garmin-watches-298/800/1000,2,True,,Navy
299,Dr. Martens 1460 Smooth - Olive (4),footwear,boots,boots|leather|olive,Dr. Martens,175.34,223.28,21,4.5,2413,246,https://picsum.photos/seed/dr.-martens-boots-299/800/1000,6,True,12|9|10|8,Black
300,Kids Nike Team Hustle D 11 - Brown (4),kids,sneakers,kids|basketball|brown,Nike,72.47,93.09,22,4.9,10570,438,https://picsum.photos/seed/nike-sneakers-300/800/1000,2,True,11C|3Y|10C|2Y,Green|Navy
301,Hoka Clifton 9 - Blue (3),footwear,running,max cushion|running|blue,Hoka,134.96,157.7,14,4.1,1150,23,https://picsum.photos/seed/hoka-running-301/800/1000,2,True,10|6|12,Green
302,The North Face Nuptse Jacket - Olive (3),women,jackets,down|outdoor|olive,The North Face,343.38,462.74,26,4.4,6026,375,https://picsum.photos/seed/the-north-face-jackets-302/800/1000,6,True,XXL|M|XS|L|S,Black
303,Fenty Beauty Gloss Bomb - Olive (4),beauty,makeup,lip gloss|shine|olive,Fenty Beauty,19.25,21.21,9,5.0,7017,327,https://picsum.photos/seed/fenty-beauty-makeup-303/800/1000,2,False,,Pink|Brown|Beige
304,Adidas Originals Stan Smith Kids - Navy (1),kids,sneakers,kids|sneakers|navy,Adidas,71.24,78.96,10,4.1,3372,187,https://picsum.photos/seed/adidas-sneakers-304/800/1000,4,True,12C|3Y|13C,Olive|Red
305,Nike Air Force 1 '07 - Purple (4),footwear,sneakers,sneakers|leather|heritage|purple,Nike,124.89,147.25,15,4.3,6286,208,https://picsum.photos/seed/nike-sneakers-305/800/1000,4,False,9|6|10|12|7|11|8,Grey|Beige
306,Olaplex No.3 Hair Perfector - Red (1),beauty,haircare,bond repair|hair|red,Olaplex,28.6,38.31,25,4.9,557,176,https://picsum.photos/seed/olaplex-haircare-306/800/1000,4,True,,Beige
307,Levi's Ribcage Straight Ankle - Purple (4),women,jeans,denim|high rise|purple,Levi's,98.23,128.95,24,4.9,2337,399,https://picsum.photos/seed/levi's-jeans-307/800/1000,3,False,XXL|L|XL,Brown|Beige
308,Skip Hop Diaper Backpack - White (3),kids,bags,parents|diaper|white,Skip Hop,76.46,95.26,20,5.0,3410,399,https://picsum.photos/seed/skip-hop-bags-308/800/1000,4,True,1Y|2Y|11C,Beige|White
309,Carhartt WIP Chase Hoodie - Beige (4),men,hoodies,fleece|street|beige,Carhartt WIP,96.45,106.13,9,4.9,11177,285,https://picsum.photos/seed/carhartt-wip-hoodies-309/800/1000,6,True,M|S|L|XL|XS,Brown|Grey
310,CeraVe Hydrating Facial Cleanser - Grey (2),beauty,skincare,cleanser|ceramides|grey,CeraVe,17.07,20.64,17,4.7,3106,87,https://picsum.photos/seed/cerave-skincare-310/800/1000,6,False,,Grey
311,Oakley Holbrook Prizm - Grey (3),accessories,sunglasses,prizm|sport|grey,Oakley,189.23,244.32,23,4.9,2700,404,https://picsum.photos/seed/oakley-sunglasses-311/800/1000,3,True,,Green|Red|Black
312,Gap Kids Graphic Tee - Black (3),kids,t-shirts,cotton|graphic|black,Gap,16.23,18.84,14,4.8,419,359,https://picsum.photos/seed/gap-t-shirts-312/800/1000,5,True,11C|10C|1Y|3Y|2Y,Purple|Red|Pink
313,New Balance 990v6 - Black (4),footwear,running,running|made in usa|suede|black,New Balance,215.16,269.57,20,4.9,16942,208,https://picsum.photos/seed/new-balance-running-313/800/1000,3,True,11|7|8|10|6|12,Olive|Beige|Red
314,Kids Nike Team Hustle D 11 - Olive (4),kids,sneakers,kids|basketball|olive,Nike,76.52,91.22,16,4.0,8677,302,https://picsum.photos/seed/nike-sneakers-314/800/1000,2,True,13C|1Y|11C|10C|12C|3Y|2Y,Navy
315,Fenty Beauty Gloss Bomb - Red (2),beauty,makeup,lip gloss|shine|red,Fenty Beauty,19.72,23.76,17,3.9,2133,329,https://picsum.photos/seed/fenty-beauty-makeup-315/800/1000,3,False,,Black|Red|Pink
316,Sephora Collection Cream Lip Stain - Olive (1),beauty,makeup,lip|matte|olive,Sephora Collection,16.69,18.33,9,4.5,8054,245,https://picsum.photos/seed/sephora-collection-makeup-316/800/1000,5,True,,Grey|Purple|Pink
317,Uniqlo U Crew Neck T-Shirt - Brown (1),men,t-shirts,basics|cotton|brown,Uniqlo,19.08,20.32,6,4.5,2800,186,https://picsum.photos/seed/uniqlo-t-shirts-317/800/1000,2,True,L|XL|XS|M,Green|Beige|Red
318,Tumi Alpha 3 Expandable Brief - Black (1),accessories,bags,brief|travel|black,Tumi,503.62,577.8,13,4.2,17110,220,https://picsum.photos/seed/tumi-bags-318/800/1000,3,False,,White
319,COS Relaxed Linen Shirt - Green (4),men,shirts,linen|summer|green,COS,85.88,114.59,25,5.0,17732,20,https://picsum.photos/seed/cos-shirts-319/800/1000,3,True,XL|S|XXL|M|XS,Grey|Navy
320,Madewell Transport Tote - Purple (3),accessories,bags,tote|leather|purple,Madewell,215.79,271.37,20,4.0,9624,177,https://picsum.photos/seed/madewell-bags-320/800/1000,4,True,,Brown
321,COS Relaxed Linen Shirt - Brown (4),men,shirts,linen|summer|brown,COS,88.34,98.81,11,4.1,10463,410,https://picsum.photos/seed/cos-shirts-321/800/1000,4,False,XS|M|XXL,Purple|Red
322,Bellroy Slim Sleeve Wallet - Pink (1),accessories,wallets,leather|rfid|pink,Bellroy,79.83,101.12,21,4.3,3653,295,https://picsum.photos/seed/bellroy-wallets-322/800/1000,2,True,,Brown|Green
323,Gap Kids Graphic Tee - White (1),kids,t-shirts,cotton|graphic|white,Gap,17.46,18.59,6,4.0,14245,361,https://picsum.photos/seed/gap-t-shirts-323/800/1000,3,True,2Y|1Y,Beige|Red
324,Dr. Martens 1460 Smooth - Green (3),footwear,boots,boots|leather|green,Dr. Martens,177.01,198.53,11,5.0,6362,263,https://picsum.photos/seed/dr.-martens-boots-324/800/1000,3,True,8|10|9|7|6|11|12,Grey|Pink
325,Kindle Paperwhite 11th Gen - Red (4),accessories,ereader,ereader|waterproof|red,Amazon,150.84,193.58,22,4.8,5514,55,https://picsum.photos/seed/amazon-ereader-325/800/1000,4,True,,Grey|Blue|White
326,Adidas Originals Stan Smith Kids - Grey (4),kids,sneakers,kids|sneakers|grey,Adidas,73.76,99.33,26,4.5,10848,280,https://picsum.photos/seed/adidas-sneakers-326/800/1000,3,True,12C|11C|10C|2Y|13C|1Y,Navy|Beige|Blue
327,Carhartt WIP Chase Hoodie - Red (3),men,hoodies,fleece|street|red,Carhartt WIP,99.01,110.86,11,3.8,11718,247,https://picsum.photos/seed/carhartt-wip-hoodies-327/800/1000,3,True,M|L|XXL,Red|Brown
328,Bellroy Slim Sleeve Wallet - Olive (4),accessories,wallets,leather|rfid|olive,Bellroy,84.32,108.51,22,4.4,11427,476,https://picsum.photos/seed/bellroy-wallets-328/800/1000,5,True,,Navy
329,Patagonia Better Sweater Fleece - White (2),women,sweaters,fleece|outdoor|white,Patagonia,134.75,157.26,14,4.0,16784,412,https://picsum.photos/seed/patagonia-sweaters-329/800/1000,6,True,M|S|L|XL,Black|Grey|Brown
330,Skip Hop Diaper Backpack - White (4),kids,bags,parents|diaper|white,Skip Hop,81.9,96.92,15,4.3,9354,249,https://picsum.photos/seed/skip-hop-bags-330/800/1000,3,False,2Y|3Y|11C,Green|Brown|Navy
331,Patagonia Better Sweater Fleece - Brown (3),women,sweaters,fleece|outdoor|brown,Patagonia,159.33,197.17,19,4.9,16762,274,https://picsum.photos/seed/patagonia-sweaters-331/800/1000,5,True,XL|XS|M|XXL|L|S,Beige
332,Birkenstock Arizona EVA - Blue (4),footwear,sandals,sandals|summer|blue,Birkenstock,45.44,53.17,15,3.8,15168,475,https://picsum.photos/seed/birkenstock-sandals-332/800/1000,6,True,6|9|11|8|7|12,Beige|Black
333,Garmin Forerunner 265 - Black (1),accessories,watches,gps|running|black,Garmin,437.23,574.06,24,4.3,17583,59,https://picsum.photos/seed/garmin-watches-333/800/1000,6,True,,White
334,Uniqlo U Crew Neck T-Shirt - Grey (3),men,t-shirts,basics|cotton|grey,Uniqlo,20.56,22.0,7,3.9,2878,32,https://picsum.photos/seed/uniqlo-t-shirts-334/800/1000,6,True,S|M|XS|XL|XXL|L,Olive|Green
335,Dr. Martens 1460 Smooth - Pink (1),footwear,boots,boots|leather|pink,Dr. Martens,192.73,220.78,13,3.8,12044,373,https://picsum.photos/seed/dr.-martens-boots-335/800/1000,4,True,12|6|10|8|9,Brown|Navy|Green
336,The North Face Nuptse Jacket - Black (4),women,jackets,down|outdoor|black,The North Face,347.19,419.51,17,4.0,2745,31,https://picsum.photos/seed/the-north-face-jackets-336/800/1000,5,False,XXL|M|XS|L|S|XL,Navy|Olive|Green
337,Levi's 501 Original Fit Jeans - Grey (3),men,jeans,denim|heritage|grey,Levi's,105.41,127.52,17,5.0,4466,168,https://picsum.photos/seed/levi's-jeans-337/800/1000,3,False,L|XS|XL|M,Grey
338,Sony WH-1000XM5 - Navy (3),accessories,headphones,anc|wireless|navy,Sony,361.85,482.94,25,4.2,11764,386,https://picsum.photos/seed/sony-headphones-338/800/1000,6,True,,Blue|Purple|Brown
339,Gap Kids Graphic Tee - Green (4),kids,t-shirts,cotton|graphic|green,Gap,19.64,22.8,14,4.5,2243,367,https://picsum.photos/seed/gap-t-shirts-339/800/1000,3,True,1Y|10C|11C|12C|3Y,Green|Blue|Red
340,Bellroy Slim Sleeve Wallet - White (3),accessories,wallets,leather|rfid|white,Bellroy,82.45,110.82,26,4.8,7424,380,https://picsum.photos/seed/bellroy-wallets-340/800/1000,3,True,,Pink|Grey
341,Garmin Forerunner 265 - Olive (4),accessories,watches,gps|running|olive,Garmin,502.86,650.18,23,4.0,8150,273,https://picsum.photos/seed/garmin-watches-341/800/1000,2,True,,Pink
342,Anker 737 Power Bank - Red (1),accessories,gadgets,power bank|usb-c|red,Anker,136.87,184.61,26,4.1,16184,211,https://picsum.photos/seed/anker-gadgets-342/800/1000,4,True,,Grey|Beige|Navy
343,Patagonia Better Sweater Fleece - Navy (3),women,sweaters,fleece|outdoor|navy,Patagonia,157.21,169.67,7,4.1,7501,359,https://picsum.photos/seed/patagonia-sweaters-343/800/1000,3,True,XXL|L|S,Green
344,Sony WH-1000XM5 - Beige (2),accessories,headphones,anc|wireless|beige,Sony,419.44,472.93,11,5.0,3139,222,https://picsum.photos/seed/sony-headphones-344/800/1000,2,True,,Brown
345,Fenty Beauty Gloss Bomb - White (2),beauty,makeup,lip gloss|shine|white,Fenty Beauty,24.05,27.22,12,4.6,2615,488,https://picsum.photos/seed/fenty-beauty-makeup-345/800/1000,4,True,,Grey
346,Kiehl's Ultra Facial Cream - Olive (3),beauty,moisturizer,moisturizer|hydrating|olive,Kiehl's,42.38,45.99,8,4.4,4114,327,https://picsum.photos/seed/kiehl's-moisturizer-346/800/1000,5,False,,Blue
347,Carter's 2-Piece Pajama Set - Blue (4),kids,sleepwear,pajamas|soft|blue,Carter's,24.72,30.41,19,4.3,2710,247,https://picsum.photos/seed/carter's-sleepwear-347/800/1000,4,True,11C|2Y|10C,Purple|Blue
348,Timberland 6-Inch Premium - Purple (2),footwear,boots,boots|waterproof|purple,Timberland,197.94,258.16,23,4.6,9579,461,https://picsum.photos/seed/timberland-boots-348/800/1000,4,True,10|8|7|11|9|12|6,Black
349,Aritzia Super Puff - Blue (4),women,jackets,puffer|winter|blue,Aritzia,251.6,307.13,18,4.9,14212,45,https://picsum.photos/seed/aritzia-jackets-349/800/1000,3,True,XL|L|XXL,Navy|Black|Brown
350,Rains Long Jacket - Blue (2),men,jackets,rain|lightweight|blue,Rains,131.39,168.17,22,4.4,10070,455,https://picsum.photos/seed/rains-jackets-350/800/1000,6,True,M|XS|L,Blue|Red|Brown
351,Levi's 501 Original Fit Jeans - Brown (2),men,jeans,denim|heritage|brown,Levi's,88.59,103.46,14,4.3,6782,410,https://picsum.photos/seed/levi's-jeans-351/800/1000,6,True,M|L|XS|XXL,Olive|Brown|Beige
352,Allbirds Wool Runner - Pink (1),footwear,sneakers,merino|sustainable|pink,Allbirds,123.83,149.24,17,3.8,6505,214,https://picsum.photos/seed/allbirds-sneakers-352/800/1000,5,True,6|12|8|9|11|7|10,Beige|Pink
353,Arc'teryx Atom LT Hoody - Red (4),men,jackets,insulated|outdoor|red,Arc'teryx,260.53,274.42,5,4.3,6727,273,https://picsum.photos/seed/arc'teryx-jackets-353/800/1000,6,True,XS|L|XL|M|S,Beige|Grey|Black
354,Reformation Nikita Dress - Black (1),women,dresses,sustainable|summer|black,Reformation,241.63,272.94,11,4.3,10832,60,https://picsum.photos/seed/reformation-dresses-354/800/1000,5,False,XXL|XS|S,White|Red|Beige
355,Sephora Collection Cream Lip Stain - Navy (4),beauty,makeup,lip|matte|navy,Sephora Collection,16.33,21.62,24,4.9,14919,393,https://picsum.photos/seed/sephora-collection-makeup-355/800/1000,6,True,,Blue|Green
356,Anker 737 Power Bank - Purple (1),accessories,gadgets,power bank|usb-c|purple,Anker,151.91,168.88,10,4.6,9120,443,https://picsum.photos/seed/anker-gadgets-356/800/1000,5,True,,Pink|Purple
357,Casio G-Shock DW5600 - Red (1),accessories,watches,shock resistant|digital|red,Casio,105.39,129.1,18,5.0,8369,416,https://picsum.photos/seed/casio-watches-357/800/1000,6,True,,Pink|Black
358,Rains Long Jacket - Olive (2),men,jackets,rain|lightweight|olive,Rains,133.74,161.67,17,4.9,16028,479,https://picsum.photos/seed/rains-jackets-358/800/1000,5,True,S|XXL|XS|M,Blue|Grey
359,LEGO Classic Bricks and Wheels - Beige (3),kids,toys,lego|creative|beige,LEGO,31.02,38.55,20,4.7,11030,263,https://picsum.photos/seed/lego-toys-359/800/1000,5,False,2Y|1Y,Beige
360,Apple Watch SE (2nd Gen) - Grey (3),accessories,watches,smartwatch|fitness|grey,Apple,276.1,345.56,20,4.6,12063,37,https://picsum.photos/seed/apple-watches-360/800/1000,6,True,,Grey
361,Fenty Beauty Gloss Bomb - Olive (2),beauty,makeup,lip gloss|shine|olive,Fenty Beauty,20.37,26.66,24,5.0,1558,77,https://picsum.photos/seed/fenty-beauty-makeup-361/800/1000,5,False,,Pink
362,Ray-Ban Wayfarer Classic - Grey (4),accessories,sunglasses,acetate|uv|grey,Ray-Ban,195.41,220.0,11,4.5,17554,423,https://picsum.photos/seed/ray-ban-sunglasses-362/800/1000,5,True,,Green|Olive|Black
363,CeraVe Hydrating Facial Cleanser - Brown (1),beauty,skincare,cleanser|ceramides|brown,CeraVe,15.09,18.37,18,4.8,13952,385,https://picsum.photos/seed/cerave-skincare-363/800/1000,4,False,,Purple|Green|Brown
364,Nike Air Force 1 '07 - Pink (2),footwear,sneakers,sneakers|leather|heritage|pink,Nike,99.16,118.3,16,4.9,12976,274,https://picsum.photos/seed/nike-sneakers-364/800/1000,3,True,6|8|7,Green|Blue|Pink
365,Allbirds Wool Runner - Olive (2),footwear,sneakers,merino|sustainable|olive,Allbirds,123.88,149.19,17,4.7,2141,115,https://picsum.photos/seed/allbirds-sneakers-365/800/1000,3,True,7|6|9|11|10,Navy|Red|Black
366,Casio G-Shock DW5600 - Brown (3),accessories,watches,shock resistant|digital|brown,Casio,95.65,109.74,13,4.8,3033,100,https://picsum.photos/seed/casio-watches-366/800/1000,5,True,,Red|Blue|Black
367,Anker 737 Power Bank - Navy (1),accessories,gadgets,power bank|usb-c|navy,Anker,164.89,209.74,21,4.8,7211,68,https://picsum.photos/seed/anker-gadgets-367/800/1000,5,True,,Beige|Brown
368,CeraVe Hydrating Facial Cleanser - White (4),beauty,skincare,cleanser|ceramides|white,CeraVe,17.52,19.15,9,4.9,9284,327,https://picsum.photos/seed/cerave-skincare-368/800/1000,6,False,,Grey|Brown|Pink
369,Skip Hop Diaper Backpack - Pink (2),kids,bags,parents|diaper|pink,Skip Hop,71.72,90.72,21,4.2,11917,157,https://picsum.photos/seed/skip-hop-bags-369/800/1000,3,True,11C|2Y,Green|Blue|Brown
370,Kindle Paperwhite 11th Gen - Olive (2),accessories,ereader,ereader|waterproof|olive,Amazon,146.93,159.82,8,4.2,16180,492,https://picsum.photos/seed/amazon-ereader-370/800/1000,3,False,,White|Green|Blue
371,Birkenstock Arizona EVA - Navy (3),footwear,sandals,sandals|summer|navy,Birkenstock,56.89,66.64,15,4.1,6441,271,https://picsum.photos/seed/birkenstock-sandals-371/800/1000,6,False,6|12|8|11,Navy|Beige
372,Aritzia Super Puff - Green (4),women,jackets,puffer|winter|green,Aritzia,245.26,276.06,11,4.0,15171,282,https://picsum.photos/seed/aritzia-jackets-372/800/1000,6,False,XL|XXL|XS|L,Red
373,Everlane Organic Cotton Box-Cut Tee - Grey (2),women,tops,basics|cotton|grey,Everlane,30.37,40.92,26,4.5,13794,187,https://picsum.photos/seed/everlane-tops-373/800/1000,4,False,M|XS|XL|XXL|L|S,Blue|Green
374,Levi's Ribcage Straight Ankle - Navy (2),women,jeans,denim|high rise|navy,Levi's,115.8,139.59,17,4.2,1266,490,https://picsum.photos/seed/levi's-jeans-374/800/1000,5,False,XXL|L|M|S|XL|XS,Beige|Olive|Navy
375,Lululemon ABC Slim-Fit Pant - Beige (2),men,pants,commuter|stretch|beige,Lululemon,117.44,149.62,22,4.5,11729,447,https://picsum.photos/seed/lululemon-pants-375/800/1000,6,False,XS|XXL|L|M,White|Pink|Red
376,Dr. Martens 1460 Smooth - Grey (3),footwear,boots,boots|leather|grey,Dr. Martens,172.72,211.33,18,4.1,2002,230,https://picsum.photos/seed/dr.-martens-boots-376/800/1000,6,False,7|9|10|12|11|6|8,Olive
377,Sephora Collection Cream Lip Stain - Beige (2),beauty,makeup,lip|matte|beige,Sephora Collection,15.73,20.24,22,4.9,13806,486,https://picsum.photos/seed/sephora-collection-makeup-377/800/1000,5,True,,Grey
378,Aritzia Super Puff - Blue (1),women,jackets,puffer|winter|blue,Aritzia,235.4,306.08,23,4.3,4892,262,https://picsum.photos/seed/aritzia-jackets-378/800/1000,3,True,L|XL|M,Grey
379,Bose QuietComfort Ultra - Beige (3),accessories,headphones,anc|comfort|beige,Bose,481.77,547.36,12,4.1,4280,224,https://picsum.photos/seed/bose-headphones-379/800/1000,6,True,,Olive|Pink|Red
380,Kids Nike Team Hustle D 11 - White (1),kids,sneakers,kids|basketball|white,Nike,74.86,81.25,8,4.0,1465,457,https://picsum.photos/seed/nike-sneakers-380/800/1000,3,True,2Y|10C,Grey|White
381,Garmin Forerunner 265 - Pink (2),accessories,watches,gps|running|pink,Garmin,445.68,590.9,25,4.3,2064,144,https://picsum.photos/seed/garmin-watches-381/800/1000,6,False,,Black
382,Sony WH-1000XM5 - White (3),accessories,headphones,anc|wireless|white,Sony,393.76,462.21,15,3.8,1922,398,https://picsum.photos/seed/sony-headphones-382/800/1000,3,True,,Black|Purple
383,Casio G-Shock DW5600 - Navy (1),accessories,watches,shock resistant|digital|navy,Casio,107.88,120.78,11,4.0,10247,410,https://picsum.photos/seed/casio-watches-383/800/1000,5,True,,Pink|Black|Red
384,Ray-Ban Wayfarer Classic - Pink (3),accessories,sunglasses,acetate|uv|pink,Ray-Ban,171.33,223.03,23,4.5,10959,133,https://picsum.photos/seed/ray-ban-sunglasses-384/800/1000,5,True,,Green|Brown|Grey
385,Arc'teryx Atom LT Hoody - Blue (3),men,jackets,insulated|outdoor|blue,Arc'teryx,304.25,363.78,16,4.0,16109,30,https://picsum.photos/seed/arc'teryx-jackets-385/800/1000,4,True,L|XS|S,Navy|Beige
386,The North Face Nuptse Jacket - White (3),women,jackets,down|outdoor|white,The North Face,364.09,404.3,10,3.9,1344,349,https://picsum.photos/seed/the-north-face-jackets-386/800/1000,3,False,XL|M|XXL|S|L|XS,Blue|Purple
387,Dr. Martens 1460 Smooth - Purple (4),footwear,boots,boots|leather|purple,Dr. Martens,161.12,204.51,21,4.6,5216,294,https://picsum.photos/seed/dr.-martens-boots-387/800/1000,5,True,11|10|7|9|8|6,Pink
388,Tumi Alpha 3 Expandable Brief - Green (4),accessories,bags,brief|travel|green,Tumi,469.78,587.26,20,3.9,3926,111,https://picsum.photos/seed/tumi-bags-388/800/1000,4,True,,Blue|Beige
389,Kindle Paperwhite 11th Gen - White (4),accessories,ereader,ereader|waterproof|white,Amazon,156.4,173.58,10,4.5,14520,269,https://picsum.photos/seed/amazon-ereader-389/800/1000,3,False,,Brown|Red|Beige
390,Nike Air Force 1 '07 - White (1),footwear,sneakers,sneakers|leather|heritage|white,Nike,124.07,142.65,13,4.0,13952,137,https://picsum.photos/seed/nike-sneakers-390/800/1000,3,True,9|12|10|11|7,Grey|Olive
391,Arc'teryx Atom LT Hoody - Black (3),men,jackets,insulated|outdoor|black,Arc'teryx,290.35,333.09,13,4.1,7291,136,https://picsum.photos/seed/arc'teryx-jackets-391/800/1000,6,True,M|L|S|XS|XL,White
392,Uniqlo U Crew Neck T-Shirt - Green (2),men,t-shirts,basics|cotton|green,Uniqlo,17.75,22.76,22,4.3,991,59,https://picsum.photos/seed/uniqlo-t-shirts-392/800/1000,5,True,XXL|XL|XS,Black
393,Ray-Ban Wayfarer Classic - Olive (2),accessories,sunglasses,acetate|uv|olive,Ray-Ban,191.71,236.65,19,4.7,2590,240,https://picsum.photos/seed/ray-ban-sunglasses-393/800/1000,2,False,,Olive|Pink
394,Athleta Salutation Stash 7/8 Tight - White (1),women,activewear,leggings|performance|white,Athleta,111.67,120.06,7,4.5,16811,45,https://picsum.photos/seed/athleta-activewear-394/800/1000,3,True,XXL|M|XL|S,Pink
395,Everlane Organic Cotton Box-Cut Tee - Olive (4),women,tops,basics|cotton|olive,Everlane,34.01,41.41,18,4.2,8454,81,https://picsum.photos/seed/everlane-tops-395/800/1000,4,False,XXL|M|L|XL,Green
396,Dr. Martens 1460 Smooth - Purple (1),footwear,boots,boots|leather|purple,Dr. Martens,183.41,218.18,16,4.4,12914,469,https://picsum.photos/seed/dr.-martens-boots-396/800/1000,6,True,8|12|9|10,White|Green
397,New Balance 990v6 - Olive (3),footwear,running,running|made in usa|suede|olive,New Balance,187.55,210.35,11,4.0,6589,6,https://picsum.photos/seed/new-balance-running-397/800/1000,3,True,11|6|8|7|9|10,White
398,Olaplex No.3 Hair Perfector - Grey (4),beauty,haircare,bond repair|hair|grey,Olaplex,29.98,34.76,14,4.3,10716,307,https://picsum.photos/seed/olaplex-haircare-398/800/1000,6,False,,Red
399,Adidas Originals Stan Smith Kids - Pink (1),kids,sneakers,kids|sneakers|pink,Adidas,62.56,82.82,24,4.3,63,395,https://picsum.photos/seed/adidas-sneakers-399/800/1000,3,True,13C|2Y|1Y|10C|11C|3Y,Pink|Black|Beige
400,Allbirds Wool Runner - Brown (1),footwear,sneakers,merino|sustainable|brown,Allbirds,106.32,142.32,25,4.4,3647,5,https://picsum.photos/seed/allbirds-sneakers-400/800/1000,5,True,10|9|7|8|11|12,Brown
401,Tumi Alpha 3 Expandable Brief - Green (2),accessories,bags,brief|travel|green,Tumi,496.16,610.64,19,4.3,1347,486,https://picsum.photos/seed/tumi-bags-401/800/1000,2,True,,Blue|Brown|Navy
402,COS Relaxed Linen Shirt - Green (2),men,shirts,linen|summer|green,COS,88.12,114.72,23,5.0,3000,239,https://picsum.photos/seed/cos-shirts-402/800/1000,5,False,S|XXL|M|XS|XL|L,Blue|Beige
403,Herschel Little America Backpack - Olive (2),accessories,bags,backpack|travel|olive,Herschel,119.01,152.61,22,4.3,17016,269,https://picsum.photos/seed/herschel-bags-403/800/1000,4,True,,Purple
404,Carter's 2-Piece Pajama Set - Purple (1),kids,sleepwear,pajamas|soft|purple,Carter's,26.94,29.9,10,4.0,366,209,https://picsum.photos/seed/carter's-sleepwear-404/800/1000,2,True,2Y|12C|3Y|11C|13C,Brown
405,Madewell Transport Tote - Navy (1),accessories,bags,tote|leather|navy,Madewell,173.78,232.57,25,4.4,15400,46,https://picsum.photos/seed/madewell-bags-405/800/1000,2,True,,Blue
406,The Ordinary Niacinamide 10% + Zinc 1% - Grey (3),beauty,serum,niacinamide|oil control|grey,The Ordinary,13.27,13.96,5,3.9,997,345,https://picsum.photos/seed/the-ordinary-serum-406/800/1000,2,False,,Red|Pink|Blue
407,Kiehl's Ultra Facial Cream - Blue (1),beauty,moisturizer,moisturizer|hydrating|blue,Kiehl's,43.42,54.92,21,4.6,330,264,https://picsum.photos/seed/kiehl's-moisturizer-407/800/1000,6,True,,Green|Blue|White
408,Skip Hop Diaper Backpack - Grey (1),kids,bags,parents|diaper|grey,Skip Hop,77.3,103.34,25,4.0,2448,25,https://picsum.photos/seed/skip-hop-bags-408/800/1000,4,True,13C|10C|1Y|2Y,Olive|Blue
409,Sephora Collection Cream Lip Stain - Grey (3),beauty,makeup,lip|matte|grey,Sephora Collection,16.7,19.1,13,4.2,2335,135,https://picsum.photos/seed/sephora-collection-makeup-409/800/1000,5,False,,Grey|Red|Beige
410,CeraVe Hydrating Facial Cleanser - Black (3),beauty,skincare,cleanser|ceramides|black,CeraVe,18.21,19.31,6,4.0,15938,424,https://picsum.photos/seed/cerave-skincare-410/800/1000,5,False,,Green
411,Timberland 6-Inch Premium - Pink (2),footwear,boots,boots|waterproof|pink,Timberland,198.44,224.25,12,4.6,6819,7,https://picsum.photos/seed/timberland-boots-411/800/1000,5,True,7|6|9,Beige|Green|Red
412,Anker 737 Power Bank - Red (2),accessories,gadgets,power bank|usb-c|red,Anker,138.56,176.4,21,5.0,2068,150,https://picsum.photos/seed/anker-gadgets-412/800/1000,6,True,,Grey
413,Dyson Supersonic Hair Dryer - Beige (4),beauty,haircare,hair dryer|premium|beige,Dyson,432.79,518.39,17,4.3,13307,372,https://picsum.photos/seed/dyson-haircare-413/800/1000,6,True,,Red
414,Athleta Salutation Stash 7/8 Tight - Navy (4),women,activewear,leggings|performance|navy,Athleta,95.07,125.43,24,4.6,10932,303,https://picsum.photos/seed/athleta-activewear-414/800/1000,5,True,XXL|L|M|XL|XS|S,Navy|Green
415,Rains Long Jacket - Navy (2),men,jackets,rain|lightweight|navy,Rains,125.06,166.54,25,5.0,7470,143,https://picsum.photos/seed/rains-jackets-415/800/1000,3,True,M|XXL|XL|XS|S|L,Black
416,Kids Nike Team Hustle D 11 - Brown (2),kids,sneakers,kids|basketball|brown,Nike,64.44,74.65,14,3.9,8186,429,https://picsum.photos/seed/nike-sneakers-416/800/1000,2,False,12C|1Y|13C|11C|3Y|10C,Blue
417,Everlane Organic Cotton Box-Cut Tee - Blue (1),women,tops,basics|cotton|blue,Everlane,31.3,37.69,17,4.3,7359,255,https://picsum.photos/seed/everlane-tops-417/800/1000,2,True,XL|S|L|XXL|M|XS,Brown|Pink
418,Sephora Collection Cream Lip Stain - White (3),beauty,makeup,lip|matte|white,Sephora Collection,15.34,18.51,17,4.8,9897,117,https://picsum.photos/seed/sephora-collection-makeup-418/800/1000,2,True,,Beige|Green|Purple
419,COS Relaxed Linen Shirt - Red (3),men,shirts,linen|summer|red,COS,88.5,96.04,8,4.5,12257,72,https://picsum.photos/seed/cos-shirts-419/800/1000,3,True,L|S|XXL|M|XS|XL,Grey|Navy|Blue
420,Adidas Originals Stan Smith Kids - Pink (2),kids,sneakers,kids|sneakers|pink,Adidas,69.27,87.31,21,4.6,1417,69,https://picsum.photos/seed/adidas-sneakers-420/800/1000,2,False,11C|10C|13C|3Y|1Y|2Y,Green|Red
421,The Ordinary Niacinamide 10% + Zinc 1% - Navy (3),beauty,serum,niacinamide|oil control|navy,The Ordinary,11.47,12.81,10,4.1,13764,482,https://picsum.photos/seed/the-ordinary-serum-421/800/1000,6,True,,Red
422,Arc'teryx Atom LT Hoody - Black (1),men,jackets,insulated|outdoor|black,Arc'teryx,320.07,382.47,16,4.5,7005,177,https://picsum.photos/seed/arc'teryx-jackets-422/800/1000,3,True,L|XL|M|XS|XXL,Brown|Olive
423,Oakley Holbrook Prizm - Grey (2),accessories,sunglasses,prizm|sport|grey,Oakley,151.66,188.8,20,4.6,9572,271,https://picsum.photos/seed/oakley-sunglasses-423/800/1000,4,True,,Navy
424,Nike Air Force 1 '07 - Pink (2),footwear,sneakers,sneakers|leather|heritage|pink,Nike,122.86,149.94,18,3.9,9338,310,https://picsum.photos/seed/nike-sneakers-424/800/1000,5,False,9|6|7|10|11|12|8,Purple
425,The North Face Nuptse Jacket - Purple (4),women,jackets,down|outdoor|purple,The North Face,289.89,384.14,25,3.9,1844,397,https://picsum.photos/seed/the-north-face-jackets-425/800/1000,4,True,XL|M|S|XXL|L,Red|Blue
426,Converse Chuck 70 High - Brown (2),footwear,sneakers,canvas|lifestyle|brown,Converse,108.09,121.19,11,5.0,3950,353,https://picsum.photos/seed/converse-sneakers-426/800/1000,4,False,12|11|10|6|7|8,Red|Beige|Navy
427,LEGO Classic Bricks and Wheels - Navy (3),kids,toys,lego|creative|navy,LEGO,31.35,42.03,25,4.0,11393,169,https://picsum.photos/seed/lego-toys-427/800/1000,6,True,13C|2Y|3Y|12C|11C|1Y|10C,Navy|Black
428,Gap Kids Graphic Tee - Black (1),kids,t-shirts,cotton|graphic|black,Gap,17.31,22.9,24,4.7,761,158,https://picsum.photos/seed/gap-t-shirts-428/800/1000,5,False,13C|3Y,Brown|Black|Navy
429,COS Relaxed Linen Shirt - Black (3),men,shirts,linen|summer|black,COS,87.23,103.28,16,4.9,8878,391,https://picsum.photos/seed/cos-shirts-429/800/1000,5,False,XL|XXL|XS|M,Purple|Pink
430,Nike Dri-FIT Challenger Shorts - Navy (1),men,shorts,running|lightweight|navy,Nike,46.23,56.18,18,4.6,8536,110,https://picsum.photos/seed/nike-shorts-430/800/1000,5,False,XL|XXL|L|XS,Grey|Olive
431,Lululemon ABC Slim-Fit Pant - Green (4),men,pants,commuter|stretch|green,Lululemon,115.87,141.6,18,4.0,10615,494,https://picsum.photos/seed/lululemon-pants-431/800/1000,4,True,L|XL|XS|S,Beige|Red
432,Apple Watch SE (2nd Gen) - Black (3),accessories,watches,smartwatch|fitness|black,Apple,229.27,289.35,21,4.8,11554,98,https://picsum.photos/seed/apple-watches-432/800/1000,5,True,,Purple|Olive
433,Vuori Halo Performance Hoodie - Black (4),women,hoodies,athleisure|soft|black,Vuori,96.61,129.47,25,4.5,17331,205,https://picsum.photos/seed/vuori-hoodies-433/800/1000,4,True,XL|M|L|XS,Navy|Pink|Black
434,Aritzia Super Puff - Purple (4),women,jackets,puffer|winter|purple,Aritzia,237.29,282.32,16,4.9,9074,283,https://picsum.photos/seed/aritzia-jackets-434/800/1000,4,True,XXL|XL|L,Olive|Blue
435,Kindle Paperwhite 11th Gen - Beige (1),accessories,ereader,ereader|waterproof|beige,Amazon,143.57,150.82,5,4.2,4756,58,https://picsum.photos/seed/amazon-ereader-435/800/1000,3,True,,Purple|Navy
436,Kids Nike Team Hustle D 11 - Beige (4),kids,sneakers,kids|basketball|beige,Nike,77.89,94.76,18,4.0,416,66,https://picsum.photos/seed/nike-sneakers-436/800/1000,2,True,12C|3Y|10C|11C|13C|1Y,Purple|Pink|Olive
437,Everlane Organic Cotton Box-Cut Tee - Brown (1),women,tops,basics|cotton|brown,Everlane,29.23,35.68,18,3.9,119,392,https://picsum.photos/seed/everlane-tops-437/800/1000,5,False,L|XXL|M|XL|S|XS,Pink|Black
438,Birkenstock Arizona EVA - Purple (1),footwear,sandals,sandals|summer|purple,Birkenstock,53.78,57.6,7,4.0,17244,379,https://picsum.photos/seed/birkenstock-sandals-438/800/1000,2,True,6|9|8|10|12|7,Red|Beige
439,Patagonia Better Sweater Fleece - Beige (4),women,sweaters,fleece|outdoor|beige,Patagonia,130.74,139.09,6,4.1,11729,435,https://picsum.photos/seed/patagonia-sweaters-439/800/1000,5,False,S|XL|XXL|L|M|XS,White|Green
440,Levi's Ribcage Straight Ankle - Black (1),women,jeans,denim|high rise|black,Levi's,113.8,127.99,11,3.8,12059,248,https://picsum.photos/seed/levi's-jeans-440/800/1000,6,False,S|XXL|XL|M,White
441,Aritzia Super Puff - Red (4),women,jackets,puffer|winter|red,Aritzia,232.44,253.84,8,4.0,11711,372,https://picsum.photos/seed/aritzia-jackets-441/800/1000,5,True,M|XXL|XS|XL|S,Purple|Blue
442,Sephora Collection Cream Lip Stain - Pink (1),beauty,makeup,lip|matte|pink,Sephora Collection,14.92,18.65,20,4.0,1237,353,https://picsum.photos/seed/sephora-collection-makeup-442/800/1000,5,False,,Blue|Black|Brown
443,Skip Hop Diaper Backpack - Purple (3),kids,bags,parents|diaper|purple,Skip Hop,74.93,79.38,6,3.8,8134,323,https://picsum.photos/seed/skip-hop-bags-443/800/1000,5,True,1Y|11C|3Y|13C|2Y,Brown|Grey
444,Uniqlo U Crew Neck T-Shirt - Black (4),men,t-shirts,basics|cotton|black,Uniqlo,19.24,25.81,25,4.0,1903,174,https://picsum.photos/seed/uniqlo-t-shirts-444/800/1000,4,True,M|XS|S|L,Brown|Purple
445,Lululemon ABC Slim-Fit Pant - Navy (2),men,pants,commuter|stretch|navy,Lululemon,128.25,149.64,14,4.5,4350,480,https://picsum.photos/seed/lululemon-pants-445/800/1000,2,True,XXL|S|XL,Green|Beige|Blue
446,Allbirds Wool Runner - Beige (4),footwear,sneakers,merino|sustainable|beige,Allbirds,113.96,128.11,11,4.0,478,395,https://picsum.photos/seed/allbirds-sneakers-446/800/1000,3,True,10|11|9|12|6|8,Blue
447,Casio G-Shock DW5600 - Black (2),accessories,watches,shock resistant|digital|black,Casio,95.33,108.74,12,4.6,15753,227,https://picsum.photos/seed/casio-watches-447/800/1000,6,False,,Navy|Olive
448,Birkenstock Arizona EVA - Pink (2),footwear,sandals,sandals|summer|pink,Birkenstock,50.78,59.29,14,4.0,16851,187,https://picsum.photos/seed/birkenstock-sandals-448/800/1000,4,True,6|7|12,Red|Pink|Purple
449,COS Relaxed Linen Shirt - Olive (1),men,shirts,linen|summer|olive,COS,89.53,114.04,21,4.4,16495,151,https://picsum.photos/seed/cos-shirts-449/800/1000,4,False,XL|XS|M,Beige|Pink|Blue
450,Sony WH-1000XM5 - White (2),accessories,headphones,anc|wireless|white,Sony,401.03,469.3,15,4.9,8750,205,https://picsum.photos/seed/sony-headphones-450/800/1000,3,True,,Red|White
451,Allbirds Wool Runner - Navy (4),footwear,sneakers,merino|sustainable|navy,Allbirds,125.51,137.83,9,4.7,4802,329,https://picsum.photos/seed/allbirds-sneakers-451/800/1000,2,True,9|7|11|8|10|6|12,Pink|Blue
452,Levi's Ribcage Straight Ankle - Blue (4),women,jeans,denim|high rise|blue,Levi's,105.42,136.33,23,4.3,7375,444,https://picsum.photos/seed/levi's-jeans-452/800/1000,4,True,XXL|M|XS,Pink
453,Uniqlo U Crew Neck T-Shirt - Black (1),men,t-shirts,basics|cotton|black,Uniqlo,20.67,24.27,15,4.3,9155,451,https://picsum.photos/seed/uniqlo-t-shirts-453/800/1000,2,True,XXL|S|L|M|XS|XL,Green|Black
454,Converse Chuck 70 High - Black (3),footwear,sneakers,canvas|lifestyle|black,Converse,89.89,108.52,17,3.9,5497,487,https://picsum.photos/seed/converse-sneakers-454/800/1000,6,True,11|7|6|8|12|10,Navy
455,Levi's 501 Original Fit Jeans - Green (3),men,jeans,denim|heritage|green,Levi's,108.14,114.46,6,3.9,14518,9,https://picsum.photos/seed/levi's-jeans-455/800/1000,3,True,L|S|XS,Grey|Black
456,Dyson Supersonic Hair Dryer - Green (4),beauty,haircare,hair dryer|premium|green,Dyson,413.96,536.0,23,5.0,5355,115,https://picsum.photos/seed/dyson-haircare-456/800/1000,2,True,,Blue|Olive|Grey
457,Carhartt WIP Chase Hoodie - Olive (3),men,hoodies,fleece|street|olive,Carhartt WIP,92.67,101.2,8,3.9,551,183,https://picsum.photos/seed/carhartt-wip-hoodies-457/800/1000,4,True,M|S|L|XS|XXL,Olive
458,COS Relaxed Linen Shirt - Grey (2),men,shirts,linen|summer|grey,COS,84.92,91.81,8,4.9,4776,492,https://picsum.photos/seed/cos-shirts-458/800/1000,2,True,S|M|XS|XL|L,Black|Navy
459,Converse Chuck 70 High - Blue (3),footwear,sneakers,canvas|lifestyle|blue,Converse,97.04,119.03,18,3.9,8829,92,https://picsum.photos/seed/converse-sneakers-459/800/1000,4,False,12|9|7|8|10,Black|White|Beige
460,Carhartt WIP Chase Hoodie - Green (4),men,hoodies,fleece|street|green,Carhartt WIP,85.65,112.08,24,4.3,12976,162,https://picsum.photos/seed/carhartt-wip-hoodies-460/800/1000,5,True,XL|S|M|XXL|L|XS,Brown|Blue
461,The Ordinary Niacinamide 10% + Zinc 1% - Pink (1),beauty,serum,niacinamide|oil control|pink,The Ordinary,11.99,14.47,17,3.8,5529,37,https://picsum.photos/seed/the-ordinary-serum-461/800/1000,4,True,,Pink|Purple
462,Levi's 501 Original Fit Jeans - Pink (1),men,jeans,denim|heritage|pink,Levi's,109.67,123.04,11,4.4,3245,477,https://picsum.photos/seed/levi's-jeans-462/800/1000,5,True,XS|XL|L|M|XXL,Navy|Blue
463,Dyson Supersonic Hair Dryer - Olive (4),beauty,haircare,hair dryer|premium|olive,Dyson,462.1,541.83,15,4.0,2193,489,https://picsum.photos/seed/dyson-haircare-463/800/1000,4,False,,Beige|White
464,Sephora Collection Cream Lip Stain - Olive (4),beauty,makeup,lip|matte|olive,Sephora Collection,17.08,20.0,15,3.9,14916,215,https://picsum.photos/seed/sephora-collection-makeup-464/800/1000,2,True,,Red|Navy|Black
465,Kindle Paperwhite 11th Gen - Black (4),accessories,ereader,ereader|waterproof|black,Amazon,147.61,161.13,8,4.9,952,203,https://picsum.photos/seed/amazon-ereader-465/800/1000,2,False,,White
466,Anker 737 Power Bank - Blue (2),accessories,gadgets,power bank|usb-c|blue,Anker,147.37,183.65,20,4.3,14440,105,https://picsum.photos/seed/anker-gadgets-466/800/1000,2,True,,Black
467,Fenty Beauty Gloss Bomb - Green (1),beauty,makeup,lip gloss|shine|green,Fenty Beauty,22.04,27.76,21,4.3,5994,229,https://picsum.photos/seed/fenty-beauty-makeup-467/800/1000,5,False,,Brown
468,Nike Dri-FIT Challenger Shorts - White (2),men,shorts,running|lightweight|white,Nike,42.45,49.36,14,4.8,7209,227,https://picsum.photos/seed/nike-shorts-468/800/1000,4,True,L|S|XXL|XS,Black
469,Aritzia Super Puff - Beige (3),women,jackets,puffer|winter|beige,Aritzia,226.94,269.33,16,4.7,11344,463,https://picsum.photos/seed/aritzia-jackets-469/800/1000,4,True,XS|XXL|XL,Green
470,CeraVe Hydrating Facial Cleanser - Purple (2),beauty,skincare,cleanser|ceramides|purple,CeraVe,14.75,16.45,10,3.9,4410,238,https://picsum.photos/seed/cerave-skincare-470/800/1000,5,True,,Blue
471,Anker 737 Power Bank - Blue (3),accessories,gadgets,power bank|usb-c|blue,Anker,165.3,176.45,6,5.0,6403,144,https://picsum.photos/seed/anker-gadgets-471/800/1000,4,True,,White|Pink
472,LEGO Classic Bricks and Wheels - White (3),kids,toys,lego|creative|white,LEGO,29.21,39.26,26,3.9,16177,30,https://picsum.photos/seed/lego-toys-472/800/1000,2,True,12C|11C|1Y|3Y|2Y|10C,Grey|Beige
473,Arc'teryx Atom LT Hoody - Grey (3),men,jackets,insulated|outdoor|grey,Arc'teryx,252.85,334.15,24,4.2,4026,312,https://picsum.photos/seed/arc'teryx-jackets-473/800/1000,3,True,M|XS|L,Grey
474,Nike Air Force 1 '07 - Brown (2),footwear,sneakers,sneakers|leather|heritage|brown,Nike,123.01,137.56,11,4.0,15674,373,https://picsum.photos/seed/nike-sneakers-474/800/1000,2,False,6|9|12,Navy
475,Bellroy Slim Sleeve Wallet - White (3),accessories,wallets,leather|rfid|white,Bellroy,87.12,99.32,12,4.4,8768,348,https://picsum.photos/seed/bellroy-wallets-475/800/1000,2,True,,Black|Pink|Purple
476,Carhartt WIP Chase Hoodie - Brown (3),men,hoodies,fleece|street|brown,Carhartt WIP,99.28,122.12,19,4.3,6785,466,https://picsum.photos/seed/carhartt-wip-hoodies-476/800/1000,4,False,M|S|L|XS,Navy|Grey|Blue
477,Gap Kids Graphic Tee - Red (1),kids,t-shirts,cotton|graphic|red,Gap,16.98,18.88,10,4.3,5626,211,https://picsum.photos/seed/gap-t-shirts-477/800/1000,6,False,10C|2Y|13C|3Y,Grey|Olive
478,Vuori Halo Performance Hoodie - Olive (3),women,hoodies,athleisure|soft|olive,Vuori,103.07,132.29,22,3.8,11663,207,https://picsum.photos/seed/vuori-hoodies-478/800/1000,6,True,XS|S|XXL|L|M,Red|Green
479,Aritzia Super Puff - Grey (1),women,jackets,puffer|winter|grey,Aritzia,268.81,288.53,7,3.8,2937,261,https://picsum.photos/seed/aritzia-jackets-479/800/1000,5,True,M|L|XXL|XL|S,Brown|Blue
480,Sony WH-1000XM5 - Beige (2),accessories,headphones,anc|wireless|beige,Sony,396.98,527.01,25,4.0,9362,474,https://picsum.photos/seed/sony-headphones-480/800/1000,4,True,,Grey|Blue
481,Sony WH-1000XM5 - Grey (2),accessories,headphones,anc|wireless|grey,Sony,428.83,513.98,17,4.5,14492,222,https://picsum.photos/seed/sony-headphones-481/800/1000,4,True,,Purple|Blue|White
482,Converse Chuck 70 High - Navy (3),footwear,sneakers,canvas|lifestyle|navy,Converse,86.01,100.42,14,4.9,1655,306,https://picsum.photos/seed/converse-sneakers-482/800/1000,6,False,7|11|8,Red
483,Kindle Paperwhite 11th Gen - Blue (4),accessories,ereader,ereader|waterproof|blue,Amazon,161.05,212.82,24,4.7,6101,56,https://picsum.photos/seed/amazon-ereader-483/800/1000,2,False,,White
484,Oakley Holbrook Prizm - Pink (2),accessories,sunglasses,prizm|sport|pink,Oakley,173.52,232.52,25,4.3,17325,299,https://picsum.photos/seed/oakley-sunglasses-484/800/1000,2,True,,Pink|White|Red
485,Sephora Collection Cream Lip Stain - Brown (2),beauty,makeup,lip|matte|brown,Sephora Collection,17.0,22.52,25,5.0,725,9,https://picsum.photos/seed/sephora-collection-makeup-485/800/1000,3,True,,Black
486,Adidas Ultraboost Light - White (2),footwear,running,running|boost|performance|white,Adidas,177.81,236.43,25,4.4,16362,165,https://picsum.photos/seed/adidas-running-486/800/1000,2,True,9|12|6,Purple|Green|Beige
487,COS Relaxed Linen Shirt - Grey (2),men,shirts,linen|summer|grey,COS,98.84,119.4,17,4.2,5013,233,https://picsum.photos/seed/cos-shirts-487/800/1000,4,True,XS|XXL|S|XL|M,Red|Grey|Beige
488,Kiehl's Ultra Facial Cream - White (3),beauty,moisturizer,moisturizer|hydrating|white,Kiehl's,38.78,42.49,9,4.7,16104,460,https://picsum.photos/seed/kiehl's-moisturizer-488/800/1000,3,True,,Grey|Blue|White
489,Tumi Alpha 3 Expandable Brief - Purple (1),accessories,bags,brief|travel|purple,Tumi,497.51,543.64,8,4.2,2287,459,https://picsum.photos/seed/tumi-bags-489/800/1000,5,True,,Black
490,Bellroy Slim Sleeve Wallet - Brown (4),accessories,wallets,leather|rfid|brown,Bellroy,83.11,103.52,20,4.9,11058,361,https://picsum.photos/seed/bellroy-wallets-490/800/1000,3,False,,Green|Purple|Beige
491,Carter's 2-Piece Pajama Set - Pink (3),kids,sleepwear,pajamas|soft|pink,Carter's,24.7,30.32,19,4.4,1813,211,https://picsum.photos/seed/carter's-sleepwear-491/800/1000,3,True,2Y|1Y,Pink|Navy
492,Nike Dri-FIT Challenger Shorts - Navy (4),men,shorts,running|lightweight|navy,Nike,46.72,49.62,6,4.4,16297,288,https://picsum.photos/seed/nike-shorts-492/800/1000,5,False,XXL|XL|L|M|XS,Navy|Purple
493,The North Face Nuptse Jacket - Red (3),women,jackets,down|outdoor|red,The North Face,326.43,393.72,17,3.9,14996,457,https://picsum.photos/seed/the-north-face-jackets-493/800/1000,2,True,S|XXL|L|M,Purple|Beige
494,The North Face Nuptse Jacket - Olive (3),women,jackets,down|outdoor|olive,The North Face,289.03,319.12,9,4.6,4172,264,https://picsum.photos/seed/the-north-face-jackets-494/800/1000,2,False,XL|S|XS,Purple|Blue
495,Carhartt WIP Chase Hoodie - Grey (3),men,hoodies,fleece|street|grey,Carhartt WIP,102.86,119.13,14,4.0,13966,490,https://picsum.photos/seed/carhartt-wip-hoodies-495/800/1000,3,True,XXL|XL|L|S,Blue|Red|Brown
496,Adidas Originals Stan Smith Kids - Green (1),kids,sneakers,kids|sneakers|green,Adidas,59.68,70.34,15,4.7,1016,205,https://picsum.photos/seed/adidas-sneakers-496/800/1000,3,True,1Y|11C|13C|12C,Navy|Pink
497,Uniqlo U Crew Neck T-Shirt - Grey (3),men,t-shirts,basics|cotton|grey,Uniqlo,19.44,21.78,11,4.5,559,192,https://picsum.photos/seed/uniqlo-t-shirts-497/800/1000,5,False,XXL|L|M|S|XL,Black
498,Athleta Salutation Stash 7/8 Tight - Beige (1),women,activewear,leggings|performance|beige,Athleta,92.81,111.5,17,4.1,14985,495,https://picsum.photos/seed/athleta-activewear-498/800/1000,6,True,XXL|M|L|XL|S|XS,Olive|White
499,Garmin Forerunner 265 - Red (3),accessories,watches,gps|running|red,Garmin,415.36,472.53,12,4.6,4339,500,https://picsum.photos/seed/garmin-watches-499/800/1000,4,True,,Black|Purple|Beige
500,Carhartt WIP Chase Hoodie - Green (1),men,hoodies,fleece|street|green,Carhartt WIP,103.11,127.83,19,4.1,1519,235,https://picsum.photos/seed/carhartt-wip-hoodies-500/800/1000,3,True,XS|XXL|M|S|XL|L,Red
501,Adidas Ultraboost Light - Black (4),footwear,running,running|boost|performance|black,Adidas,195.73,263.93,26,4.9,9706,184,https://picsum.photos/seed/adidas-running-501/800/1000,5,True,11|7|12|8|10|9,Blue
502,LEGO Classic Bricks and Wheels - Brown (2),kids,toys,lego|creative|brown,LEGO,26.42,28.44,7,4.8,12638,94,https://picsum.photos/seed/lego-toys-502/800/1000,4,True,11C|13C,Blue|Brown
503,Nike Air Force 1 '07 - White (2),footwear,sneakers,sneakers|leather|heritage|white,Nike,103.03,110.28,7,4.1,15418,1,https://picsum.photos/seed/nike-sneakers-503/800/1000,3,True,12|11|7|10|6|9,Green|Blue|Brown
504,Everlane Organic Cotton Box-Cut Tee - Pink (3),women,tops,basics|cotton|pink,Everlane,30.81,36.17,15,3.8,7429,418,https://picsum.photos/seed/everlane-tops-504/800/1000,2,False,XXL|L|M,Pink|Purple|Green
505,New Balance 990v6 - Black (1),footwear,running,running|made in usa|suede|black,New Balance,216.29,245.02,12,4.2,3543,380,https://picsum.photos/seed/new-balance-running-505/800/1000,3,True,6|8|12|11|7,Black
506,Everlane Organic Cotton Box-Cut Tee - Olive (1),women,tops,basics|cotton|olive,Everlane,31.15,35.17,11,3.9,4000,171,https://picsum.photos/seed/everlane-tops-506/800/1000,4,False,XL|XXL|M|S|L,Purple
507,Nike Dri-FIT Challenger Shorts - Beige (1),men,shorts,running|lightweight|beige,Nike,41.06,54.87,25,4.3,7164,289,https://picsum.photos/seed/nike-shorts-507/800/1000,2,True,XXL|S|L|XL|XS,Purple|Grey
508,Bose QuietComfort Ultra - Olive (2),accessories,headphones,anc|comfort|olive,Bose,397.68,429.49,7,4.4,10741,294,https://picsum.photos/seed/bose-headphones-508/800/1000,3,True,,Pink|Blue
509,Converse Chuck 70 High - Navy (4),footwear,sneakers,canvas|lifestyle|navy,Converse,96.8,126.89,24,4.1,10247,83,https://picsum.photos/seed/converse-sneakers-509/800/1000,5,True,11|6|9|8|12|7|10,Black|White
510,Everlane Organic Cotton Box-Cut Tee - Beige (2),women,tops,basics|cotton|beige,Everlane,30.98,40.14,23,3.9,4732,315,https://picsum.photos/seed/everlane-tops-510/800/1000,2,False,M|L|XXL|S|XL,Pink
511,The North Face Nuptse Jacket - Navy (1),women,jackets,down|outdoor|navy,The North Face,315.0,342.86,8,4.8,17198,170,https://picsum.photos/seed/the-north-face-jackets-511/800/1000,5,False,M|XXL|S|L|XS|XL,Navy
512,Kindle Paperwhite 11th Gen - Blue (3),accessories,ereader,ereader|waterproof|blue,Amazon,143.59,176.34,19,4.2,3104,284,https://picsum.photos/seed/amazon-ereader-512/800/1000,6,True,,Black|Brown
513,Nike Air Force 1 '07 - Pink (4),footwear,sneakers,sneakers|leather|heritage|pink,Nike,123.67,158.13,22,4.3,15322,146,https://picsum.photos/seed/nike-sneakers-513/800/1000,2,True,12|11|9|6,Blue
514,Nike Air Force 1 '07 - Black (3),footwear,sneakers,sneakers|leather|heritage|black,Nike,122.0,161.13,24,4.4,11312,347,https://picsum.photos/seed/nike-sneakers-514/800/1000,5,True,8|12|10|6|7,White|Navy|Grey
515,Tumi Alpha 3 Expandable Brief - Grey (4),accessories,bags,brief|travel|grey,Tumi,517.73,576.26,10,4.8,2834,473,https://picsum.photos/seed/tumi-bags-515/800/1000,6,True,,Black|Blue
516,Fenty Beauty Gloss Bomb - Red (2),beauty,makeup,lip gloss|shine|red,Fenty Beauty,21.4,22.62,5,4.4,1095,95,https://picsum.photos/seed/fenty-beauty-makeup-516/800/1000,6,True,,Beige
517,Hoka Clifton 9 - White (2),footwear,running,max cushion|running|white,Hoka,144.9,154.42,6,4.6,17870,319,https://picsum.photos/seed/hoka-running-517/800/1000,2,True,10|11|8|7|9|6|12,Blue|Black|White
518,Skip Hop Diaper Backpack - Purple (3),kids,bags,parents|diaper|purple,Skip Hop,72.22,84.35,14,4.6,15248,83,https://picsum.photos/seed/skip-hop-bags-518/800/1000,2,True,1Y|2Y|13C|3Y|12C|10C|11C,Pink|White
519,The Ordinary Niacinamide 10% + Zinc 1% - Black (4),beauty,serum,niacinamide|oil control|black,The Ordinary,11.49,14.35,20,5.0,15801,7,https://picsum.photos/seed/the-ordinary-serum-519/800/1000,4,False,,White|Green
520,Nike Air Force 1 '07 - Brown (2),footwear,sneakers,sneakers|leather|heritage|brown,Nike,111.23,144.09,23,4.8,6789,47,https://picsum.photos/seed/nike-sneakers-520/800/1000,6,True,10|6|8|7,White|Purple
521,Reformation Nikita Dress - Purple (2),women,dresses,sustainable|summer|purple,Reformation,273.16,334.92,18,4.6,7862,257,https://picsum.photos/seed/reformation-dresses-521/800/1000,2,False,XS|L|XL|S|M,White|Brown
522,Levi's 501 Original Fit Jeans - Pink (1),men,jeans,denim|heritage|pink,Levi's,103.03,109.42,6,4.6,8355,41,https://picsum.photos/seed/levi's-jeans-522/800/1000,6,True,L|M|XS|S|XXL|XL,Red
523,Fenty Beauty Gloss Bomb - Blue (1),beauty,makeup,lip gloss|shine|blue,Fenty Beauty,22.79,30.49,25,4.5,3960,95,https://picsum.photos/seed/fenty-beauty-makeup-523/800/1000,5,True,,Navy
524,Bellroy Slim Sleeve Wallet - Olive (2),accessories,wallets,leather|rfid|olive,Bellroy,73.45,92.64,21,4.0,187,221,https://picsum.photos/seed/bellroy-wallets-524/800/1000,3,False,,Beige
525,Nike Air Force 1 '07 - Purple (4),footwear,sneakers,sneakers|leather|heritage|purple,Nike,110.81,147.01,25,4.3,5221,16,https://picsum.photos/seed/nike-sneakers-525/800/1000,4,False,6|8|11|9|7,Olive
526,CeraVe Hydrating Facial Cleanser - Purple (2),beauty,skincare,cleanser|ceramides|purple,CeraVe,17.67,20.47,14,4.4,2415,114,https://picsum.photos/seed/cerave-skincare-526/800/1000,3,True,,Green
527,Dr. Martens 1460 Smooth - White (4),footwear,boots,boots|leather|white,Dr. Martens,157.54,184.73,15,4.5,13296,483,https://picsum.photos/seed/dr.-martens-boots-527/800/1000,3,True,9|7|8|11|10|6|12,Brown|Grey
528,The North Face Nuptse Jacket - Navy (3),women,jackets,down|outdoor|navy,The North Face,294.99,369.86,20,3.8,15934,444,https://picsum.photos/seed/the-north-face-jackets-528/800/1000,2,True,XS|M|L|S|XXL|XL,Brown|Purple
529,COS Relaxed Linen Shirt - Olive (2),men,shirts,linen|summer|olive,COS,85.49,101.57,16,4.4,1117,355,https://picsum.photos/seed/cos-shirts-529/800/1000,2,True,XXL|XL|L|S,Black|Olive
530,Kindle Paperwhite 11th Gen - Grey (2),accessories,ereader,ereader|waterproof|grey,Amazon,150.37,172.37,13,4.6,6021,272,https://picsum.photos/seed/amazon-ereader-530/800/1000,4,True,,Red
531,Levi's 501 Original Fit Jeans - Blue (1),men,jeans,denim|heritage|blue,Levi's,104.43,126.13,17,4.6,7822,441,https://picsum.photos/seed/levi's-jeans-531/800/1000,6,False,L|XS|S|M,Green|Beige|Brown
532,Tumi Alpha 3 Expandable Brief - Black (1),accessories,bags,brief|travel|black,Tumi,456.8,555.42,18,4.4,2074,364,https://picsum.photos/seed/tumi-bags-532/800/1000,4,True,,Red|Purple
533,Hoka Clifton 9 - Olive (4),footwear,running,max cushion|running|olive,Hoka,145.27,176.85,18,4.3,2833,329,https://picsum.photos/seed/hoka-running-533/800/1000,6,False,6|9|8,Brown|Beige
534,Adidas Ultraboost Light - Purple (4),footwear,running,running|boost|performance|purple,Adidas,181.39,210.34,14,3.9,17950,382,https://picsum.photos/seed/adidas-running-534/800/1000,3,True,7|11|9|10,Beige|Brown
535,Converse Chuck 70 High - Purple (2),footwear,sneakers,canvas|lifestyle|purple,Converse,108.22,121.1,11,4.5,10333,308,https://picsum.photos/seed/converse-sneakers-535/800/1000,3,True,7|8|11|6|9|10|12,Purple|Navy
536,Levi's 501 Original Fit Jeans - Olive (1),men,jeans,denim|heritage|olive,Levi's,98.45,130.02,24,4.8,3167,163,https://picsum.photos/seed/levi's-jeans-536/800/1000,5,False,XS|XL|S|L|XXL,Red|Grey
537,Patagonia Better Sweater Fleece - Green (3),women,sweaters,fleece|outdoor|green,Patagonia,139.64,187.44,26,4.6,8394,209,https://picsum.photos/seed/patagonia-sweaters-537/800/1000,6,False,XL|M|XXL|S|XS,Purple|Grey
538,Skip Hop Diaper Backpack - Brown (3),kids,bags,parents|diaper|brown,Skip Hop,68.29,88.22,23,4.6,3845,57,https://picsum.photos/seed/skip-hop-bags-538/800/1000,3,True,1Y|3Y|13C|10C|12C,Red
539,Carhartt WIP Chase Hoodie - Beige (1),men,hoodies,fleece|street|beige,Carhartt WIP,97.19,111.57,13,4.1,10521,204,https://picsum.photos/seed/carhartt-wip-hoodies-539/800/1000,6,True,XS|XL|M,White|Olive
540,Patagonia Better Sweater Fleece - Green (3),women,sweaters,fleece|outdoor|green,Patagonia,129.64,144.51,10,4.6,15678,451,https://picsum.photos/seed/patagonia-sweaters-540/800/1000,3,True,S|XXL|XL|L|XS|M,Navy|Grey|Purple
541,Casio G-Shock DW5600 - Purple (3),accessories,watches,shock resistant|digital|purple,Casio,108.53,138.7,22,4.2,8511,196,https://picsum.photos/seed/casio-watches-541/800/1000,4,False,,Green
542,Kindle Paperwhite 11th Gen - Pink (3),accessories,ereader,ereader|waterproof|pink,Amazon,150.05,200.86,25,4.3,224,93,https://picsum.photos/seed/amazon-ereader-542/800/1000,5,True,,Purple|Pink|Navy
543,Nike Air Force 1 '07 - Grey (3),footwear,sneakers,sneakers|leather|heritage|grey,Nike,119.38,147.51,19,3.9,14641,408,https://picsum.photos/seed/nike-sneakers-543/800/1000,3,True,9|7|10|11,Green|Olive|Grey
544,Everlane Organic Cotton Box-Cut Tee - Brown (1),women,tops,basics|cotton|brown,Everlane,27.58,31.68,13,3.9,6429,33,https://picsum.photos/seed/everlane-tops-544/800/1000,6,True,XXL|L|XS|XL|S|M,White|Black
545,Dr. Martens 1460 Smooth - Purple (3),footwear,boots,boots|leather|purple,Dr. Martens,182.62,203.41,10,3.9,16573,394,https://picsum.photos/seed/dr.-martens-boots-545/800/1000,5,True,10|9|12|11|6|7|8,Pink|Grey|White
546,Tumi Alpha 3 Expandable Brief - Beige (3),accessories,bags,brief|travel|beige,Tumi,542.5,685.09,21,4.6,11333,411,https://picsum.photos/seed/tumi-bags-546/800/1000,6,True,,Olive
547,Nike Dri-FIT Challenger Shorts - Grey (2),men,shorts,running|lightweight|grey,Nike,45.93,59.68,23,4.2,2105,77,https://picsum.photos/seed/nike-shorts-547/800/1000,2,True,XL|L|M|S|XXL,White
548,Nike Dri-FIT Challenger Shorts - Brown (1),men,shorts,running|lightweight|brown,Nike,46.31,53.56,14,4.2,16788,194,https://picsum.photos/seed/nike-shorts-548/800/1000,4,False,L|XXL|XL|XS,Black
549,Carhartt WIP Chase Hoodie - Brown (2),men,hoodies,fleece|street|brown,Carhartt WIP,97.7,127.86,24,4.2,12048,328,https://picsum.photos/seed/carhartt-wip-hoodies-549/800/1000,5,False,XXL|M|L|S|XS,Navy|Purple|Blue
550,Birkenstock Arizona EVA - Red (1),footwear,sandals,sandals|summer|red,Birkenstock,48.5,58.04,16,4.1,16821,409,https://picsum.photos/seed/birkenstock-sandals-550/800/1000,5,False,12|9|7|10|6|8|11,Olive
551,Converse Chuck 70 High - Black (1),footwear,sneakers,canvas|lifestyle|black,Converse,93.04,122.92,24,3.9,137,48,https://picsum.photos/seed/converse-sneakers-551/800/1000,6,True,11|6|7|9,Purple|Olive
552,Skip Hop Diaper Backpack - Grey (3),kids,bags,parents|diaper|grey,Skip Hop,74.02,88.12,16,4.6,15289,115,https://picsum.photos/seed/skip-hop-bags-552/800/1000,3,True,2Y|11C,Grey|Olive|Purple
553,Allbirds Wool Runner - Pink (4),footwear,sneakers,merino|sustainable|pink,Allbirds,109.31,133.17,18,3.9,14016,259,https://picsum.photos/seed/allbirds-sneakers-553/800/1000,5,False,12|11|9|7|8|10|6,Black
554,COS Relaxed Linen Shirt - Beige (4),men,shirts,linen|summer|beige,COS,91.0,121.89,25,4.1,2883,141,https://picsum.photos/seed/cos-shirts-554/800/1000,5,False,XXL|XL|XS|M|L|S,White
555,Casio G-Shock DW5600 - Olive (4),accessories,watches,shock resistant|digital|olive,Casio,110.58,146.86,25,4.7,2267,197,https://picsum.photos/seed/casio-watches-555/800/1000,2,True,,White
556,Rains Long Jacket - Red (1),men,jackets,rain|lightweight|red,Rains,133.05,144.1,8,4.2,8601,178,https://picsum.photos/seed/rains-jackets-556/800/1000,6,True,XXL|XL|L|S,Green|Black
557,Oakley Holbrook Prizm - White (4),accessories,sunglasses,prizm|sport|white,Oakley,160.54,196.14,18,3.9,14322,204,https://picsum.photos/seed/oakley-sunglasses-557/800/1000,5,False,,Black
558,Bellroy Slim Sleeve Wallet - Navy (1),accessories,wallets,leather|rfid|navy,Bellroy,79.54,97.28,18,4.7,14263,485,https://picsum.photos/seed/bellroy-wallets-558/800/1000,6,True,,Purple|Black|Grey
559,Converse Chuck 70 High - Blue (2),footwear,sneakers,canvas|lifestyle|blue,Converse,96.66,117.94,18,4.7,17494,19,https://picsum.photos/seed/converse-sneakers-559/800/1000,2,True,12|8|9|11|7|10,Navy|Olive
560,Madewell Transport Tote - White (4),accessories,bags,tote|leather|white,Madewell,204.39,223.22,8,4.0,148,45,https://picsum.photos/seed/madewell-bags-560/800/1000,2,True,,Grey
561,Fenty Beauty Gloss Bomb - Brown (2),beauty,makeup,lip gloss|shine|brown,Fenty Beauty,21.07,27.57,24,4.5,7731,422,https://picsum.photos/seed/fenty-beauty-makeup-561/800/1000,5,False,,Brown|Green|Beige
562,Olaplex No.3 Hair Perfector - White (2),beauty,haircare,bond repair|hair|white,Olaplex,30.18,35.56,15,4.5,17964,413,https://picsum.photos/seed/olaplex-haircare-562/800/1000,5,True,,Navy|Red|Black
563,Dr. Martens 1460 Smooth - Purple (3),footwear,boots,boots|leather|purple,Dr. Martens,182.81,225.24,19,4.1,15604,94,https://picsum.photos/seed/dr.-martens-boots-563/800/1000,3,False,9|6|8|10,Brown|Olive
564,Adidas Originals Stan Smith Kids - Black (4),kids,sneakers,kids|sneakers|black,Adidas,62.08,80.75,23,4.2,242,150,https://picsum.photos/seed/adidas-sneakers-564/800/1000,3,False,12C|10C|2Y|3Y|13C,Grey|Blue|Purple
565,La Roche-Posay Anthelios SPF 60 - Brown (3),beauty,skincare,sunscreen|spf|brown,La Roche-Posay,41.59,54.5,24,4.6,5767,81,https://picsum.photos/seed/la-roche-posay-skincare-565/800/1000,4,True,,White|Beige|Pink
566,La Roche-Posay Anthelios SPF 60 - Navy (1),beauty,skincare,sunscreen|spf|navy,La Roche-Posay,39.21,45.45,14,4.1,10621,439,https://picsum.photos/seed/la-roche-posay-skincare-566/800/1000,4,True,,Green
567,Anker 737 Power Bank - Purple (2),accessories,gadgets,power bank|usb-c|purple,Anker,153.73,202.69,24,4.1,14114,431,https://picsum.photos/seed/anker-gadgets-567/800/1000,4,True,,Brown|Green
568,LEGO Classic Bricks and Wheels - Black (1),kids,toys,lego|creative|black,LEGO,31.96,39.51,19,4.4,1412,452,https://picsum.photos/seed/lego-toys-568/800/1000,3,True,12C|11C|10C|3Y|1Y|2Y,Brown
569,Anker 737 Power Bank - White (2),accessories,gadgets,power bank|usb-c|white,Anker,143.78,155.27,7,4.4,8659,384,https://picsum.photos/seed/anker-gadgets-569/800/1000,3,True,,White|Brown
570,CeraVe Hydrating Facial Cleanser - White (1),beauty,skincare,cleanser|ceramides|white,CeraVe,14.44,17.87,19,4.8,7431,393,https://picsum.photos/seed/cerave-skincare-570/800/1000,3,True,,Olive|Beige|White
571,Nike Dri-FIT Challenger Shorts - Navy (1),men,shorts,running|lightweight|navy,Nike,47.16,59.27,20,4.7,2521,120,https://picsum.photos/seed/nike-shorts-571/800/1000,4,True,XL|L|S|M,Navy|Purple
572,COS Relaxed Linen Shirt - Navy (2),men,shirts,linen|summer|navy,COS,99.38,133.33,25,4.9,9471,373,https://picsum.photos/seed/cos-shirts-572/800/1000,4,False,XS|M|XXL,Beige|Black|Navy
573,Dr. Martens 1460 Smooth - Navy (3),footwear,boots,boots|leather|navy,Dr. Martens,157.83,208.92,24,4.8,3646,395,https://picsum.photos/seed/dr.-martens-boots-573/800/1000,5,True,6|12|11|9|8|10|7,White|Olive|Grey
574,Oakley Holbrook Prizm - Red (2),accessories,sunglasses,prizm|sport|red,Oakley,150.59,190.12,21,4.9,8351,267,https://picsum.photos/seed/oakley-sunglasses-574/800/1000,3,True,,Grey
575,Carhartt WIP Chase Hoodie - Grey (3),men,hoodies,fleece|street|grey,Carhartt WIP,81.47,103.13,21,3.9,4218,453,https://picsum.photos/seed/carhartt-wip-hoodies-575/800/1000,3,True,L|M|XXL|XS,Green|Red|Purple
576,Athleta Salutation Stash 7/8 Tight - Navy (1),women,activewear,leggings|performance|navy,Athleta,108.27,127.6,15,4.2,11917,441,https://picsum.photos/seed/athleta-activewear-576/800/1000,3,True,XS|XL|M|L|S|XXL,Green|Pink
577,Lululemon ABC Slim-Fit Pant - Black (4),men,pants,commuter|stretch|black,Lululemon,130.7,164.32,20,4.6,15984,446,https://picsum.photos/seed/lululemon-pants-577/800/1000,5,True,M|XL|XXL|XS|L,Blue|Green|Red
578,Arc'teryx Atom LT Hoody - Beige (3),men,jackets,insulated|outdoor|beige,Arc'teryx,261.25,284.16,8,4.7,12207,467,https://picsum.photos/seed/arc'teryx-jackets-578/800/1000,4,True,L|XS|S|XL,Navy
579,Casio G-Shock DW5600 - Red (3),accessories,watches,shock resistant|digital|red,Casio,90.33,101.6,11,4.6,3580,472,https://picsum.photos/seed/casio-watches-579/800/1000,2,True,,White|Olive
580,Dr. Martens 1460 Smooth - White (4),footwear,boots,boots|leather|white,Dr. Martens,153.08,180.53,15,4.3,9499,283,https://picsum.photos/seed/dr.-martens-boots-580/800/1000,4,True,9|7|12|11|10,Olive|Red
581,The Ordinary Niacinamide 10% + Zinc 1% - Beige (3),beauty,serum,niacinamide|oil control|beige,The Ordinary,11.44,14.8,23,4.5,786,441,https://picsum.photos/seed/the-ordinary-serum-581/800/1000,5,True,,Olive
582,Birkenstock Arizona EVA - Pink (1),footwear,sandals,sandals|summer|pink,Birkenstock,47.7,59.9,20,4.4,5093,0,https://picsum.photos/seed/birkenstock-sandals-582/800/1000,6,True,10|8|7|9|12|11,Brown|Green|Navy
583,Kids Nike Team Hustle D 11 - Navy (2),kids,sneakers,kids|basketball|navy,Nike,64.71,85.24,24,5.0,11084,114,https://picsum.photos/seed/nike-sneakers-583/800/1000,4,False,1Y|10C|12C|2Y|11C|13C|3Y,Grey|Olive
584,Dr. Martens 1460 Smooth - Grey (1),footwear,boots,boots|leather|grey,Dr. Martens,184.93,196.47,6,4.4,544,418,https://picsum.photos/seed/dr.-martens-boots-584/800/1000,6,True,6|7|12,Red|Beige|Navy
585,Apple Watch SE (2nd Gen) - Brown (1),accessories,watches,smartwatch|fitness|brown,Apple,239.78,288.42,17,4.5,319,440,https://picsum.photos/seed/apple-watches-585/800/1000,4,True,,Beige
586,Allbirds Wool Runner - Green (1),footwear,sneakers,merino|sustainable|green,Allbirds,126.06,162.29,22,4.1,4053,362,https://picsum.photos/seed/allbirds-sneakers-586/800/1000,2,True,12|7|9|6|8|10|11,Brown|Grey
587,Rains Long Jacket - Beige (4),men,jackets,rain|lightweight|beige,Rains,130.1,172.81,25,4.6,7089,404,https://picsum.photos/seed/rains-jackets-587/800/1000,4,True,M|S|XXL,Grey
588,The North Face Nuptse Jacket - Purple (4),women,jackets,down|outdoor|purple,The North Face,348.26,391.66,11,4.6,12478,424,https://picsum.photos/seed/the-north-face-jackets-588/800/1000,5,False,L|XXL|XL|M|XS,Grey|Red|White
589,Madewell Transport Tote - Blue (2),accessories,bags,tote|leather|blue,Madewell,214.39,286.93,25,4.9,4442,274,https://picsum.photos/seed/madewell-bags-589/800/1000,4,True,,Blue
590,Sephora Collection Cream Lip Stain - Beige (4),beauty,makeup,lip|matte|beige,Sephora Collection,14.61,16.1,9,4.3,3244,85,https://picsum.photos/seed/sephora-collection-makeup-590/800/1000,5,True,,Red|Grey
591,Adidas Ultraboost Light - Blue (2),footwear,running,running|boost|performance|blue,Adidas,206.46,276.75,25,4.6,13246,222,https://picsum.photos/seed/adidas-running-591/800/1000,2,False,8|9|12|7|10|6,White
592,Herschel Little America Backpack - Navy (4),accessories,bags,backpack|travel|navy,Herschel,126.07,152.26,17,4.4,9285,206,https://picsum.photos/seed/herschel-bags-592/800/1000,2,True,,Navy
593,Nike Air Force 1 '07 - Black (3),footwear,sneakers,sneakers|leather|heritage|black,Nike,102.5,110.18,7,5.0,6059,489,https://picsum.photos/seed/nike-sneakers-593/800/1000,4,False,9|12|6|11|8,Black
594,Bose QuietComfort Ultra - Green (2),accessories,headphones,anc|comfort|green,Bose,482.01,556.67,13,4.6,11032,171,https://picsum.photos/seed/bose-headphones-594/800/1000,4,True,,Black|Green|Purple
595,Gap Kids Graphic Tee - Pink (1),kids,t-shirts,cotton|graphic|pink,Gap,17.95,21.93,18,4.6,117,49,https://picsum.photos/seed/gap-t-shirts-595/800/1000,4,False,10C|1Y|13C|2Y|11C|3Y|12C,Navy|Olive|Blue
596,CeraVe Hydrating Facial Cleanser - Navy (2),beauty,skincare,cleanser|ceramides|navy,CeraVe,15.6,20.62,24,4.8,12327,118,https://picsum.photos/seed/cerave-skincare-596/800/1000,4,True,,Beige
597,Timberland 6-Inch Premium - Grey (2),footwear,boots,boots|waterproof|grey,Timberland,239.12,303.43,21,4.6,3571,153,https://picsum.photos/seed/timberland-boots-597/800/1000,5,True,8|7|11|10|12,Brown|Blue
598,Fenty Beauty Gloss Bomb - Blue (2),beauty,makeup,lip gloss|shine|blue,Fenty Beauty,19.36,22.51,14,4.8,11501,387,https://picsum.photos/seed/fenty-beauty-makeup-598/800/1000,3,True,,Red
599,Sony WH-1000XM5 - Green (1),accessories,headphones,anc|wireless|green,Sony,411.55,434.16,5,4.1,6861,467,https://picsum.photos/seed/sony-headphones-599/800/1000,2,False,,Blue|Grey
600,The North Face Nuptse Jacket - Pink (3),women,jackets,down|outdoor|pink,The North Face,329.84,440.56,25,4.5,13933,236,https://picsum.photos/seed/the-north-face-jackets-600/800/1000,4,True,L|S|XXL|XS|M|XL,White
601,Herschel Little America Backpack - Brown (1),accessories,bags,backpack|travel|brown,Herschel,137.91,161.64,15,4.5,9726,403,https://picsum.photos/seed/herschel-bags-601/800/1000,5,False,,Olive
602,The North Face Nuptse Jacket - Brown (2),women,jackets,down|outdoor|brown,The North Face,356.71,445.72,20,4.9,13104,443,https://picsum.photos/seed/the-north-face-jackets-602/800/1000,3,False,XL|L|XS|XXL|M,Pink
603,Ray-Ban Wayfarer Classic - Navy (1),accessories,sunglasses,acetate|uv|navy,Ray-Ban,174.28,200.65,13,4.4,7215,319,https://picsum.photos/seed/ray-ban-sunglasses-603/800/1000,2,True,,Navy|Beige
604,New Balance 990v6 - Brown (2),footwear,running,running|made in usa|suede|brown,New Balance,205.72,259.65,21,4.3,13063,63,https://picsum.photos/seed/new-balance-running-604/800/1000,3,True,8|9|7,Grey|Brown
605,Apple Watch SE (2nd Gen) - Pink (3),accessories,watches,smartwatch|fitness|pink,Apple,280.22,362.92,23,4.6,2829,348,https://picsum.photos/seed/apple-watches-605/800/1000,5,True,,Blue
606,Apple Watch SE (2nd Gen) - Brown (4),accessories,watches,smartwatch|fitness|brown,Apple,232.02,296.64,22,4.1,821,175,https://picsum.photos/seed/apple-watches-606/800/1000,6,False,,Green|Black
607,Nike Air Force 1 '07 - Black (2),footwear,sneakers,sneakers|leather|heritage|black,Nike,111.37,135.62,18,4.1,7404,248,https://picsum.photos/seed/nike-sneakers-607/800/1000,6,False,6|11|8,White
608,Sephora Collection Cream Lip Stain - Purple (1),beauty,makeup,lip|matte|purple,Sephora Collection,15.03,17.11,12,4.2,16616,285,https://picsum.photos/seed/sephora-collection-makeup-608/800/1000,6,True,,Brown|Green|Grey
609,Nike Dri-FIT Challenger Shorts - Pink (1),men,shorts,running|lightweight|pink,Nike,51.33,55.96,8,3.8,17642,469,https://picsum.photos/seed/nike-shorts-609/800/1000,4,True,XS|S|L|M|XXL|XL,Olive|Grey|Green
610,Ray-Ban Wayfarer Classic - Black (2),accessories,sunglasses,acetate|uv|black,Ray-Ban,171.89,197.58,13,4.2,2647,473,https://picsum.photos/seed/ray-ban-sunglasses-610/800/1000,5,True,,Blue|Green|Beige
611,Kindle Paperwhite 11th Gen - Brown (4),accessories,ereader,ereader|waterproof|brown,Amazon,154.11,175.61,12,4.8,3610,342,https://picsum.photos/seed/amazon-ereader-611/800/1000,4,True,,Grey|Blue|Brown
612,Nike Dri-FIT Challenger Shorts - Navy (2),men,shorts,running|lightweight|navy,Nike,44.02,48.82,10,4.2,1327,106,https://picsum.photos/seed/nike-shorts-612/800/1000,6,True,XL|XXL|L|S|XS,Green|Brown
613,Carter's 2-Piece Pajama Set - Red (3),kids,sleepwear,pajamas|soft|red,Carter's,25.01,32.23,22,4.1,860,462,https://picsum.photos/seed/carter's-sleepwear-613/800/1000,6,False,3Y|11C|13C,Navy
614,Oakley Holbrook Prizm - Purple (1),accessories,sunglasses,prizm|sport|purple,Oakley,170.38,212.7,20,4.7,11414,423,https://picsum.photos/seed/oakley-sunglasses-614/800/1000,6,False,,Red|Beige
615,Converse Chuck 70 High - Purple (2),footwear,sneakers,canvas|lifestyle|purple,Converse,94.62,109.22,13,4.8,17839,9,https://picsum.photos/seed/converse-sneakers-615/800/1000,3,True,10|11|12|7,Green|Olive|White
616,Skip Hop Diaper Backpack - Beige (3),kids,bags,parents|diaper|beige,Skip Hop,71.05,76.24,7,4.1,1572,45,https://picsum.photos/seed/skip-hop-bags-616/800/1000,2,True,13C|2Y|10C|11C|12C,Olive|Beige|Red
617,Garmin Forerunner 265 - Red (4),accessories,watches,gps|running|red,Garmin,475.92,605.32,21,3.9,12208,370,https://picsum.photos/seed/garmin-watches-617/800/1000,6,True,,Purple|Pink
618,Aritzia Super Puff - Blue (2),women,jackets,puffer|winter|blue,Aritzia,275.1,364.73,25,3.9,3639,153,https://picsum.photos/seed/aritzia-jackets-618/800/1000,3,False,L|M|XS|XXL|XL,Navy
619,Skip Hop Diaper Backpack - Green (2),kids,bags,parents|diaper|green,Skip Hop,70.12,84.33,17,3.8,8493,271,https://picsum.photos/seed/skip-hop-bags-619/800/1000,6,True,12C|2Y|13C|11C,Brown|Black
620,Allbirds Wool Runner - Blue (3),footwear,sneakers,merino|sustainable|blue,Allbirds,99.35,131.04,24,4.2,7541,119,https://picsum.photos/seed/allbirds-sneakers-620/800/1000,5,False,6|11|12|7|8,Red|White
621,Sony WH-1000XM5 - Grey (2),accessories,headphones,anc|wireless|grey,Sony,368.63,484.21,24,4.6,4936,117,https://picsum.photos/seed/sony-headphones-621/800/1000,6,True,,Green|Black
622,Birkenstock Arizona EVA - White (4),footwear,sandals,sandals|summer|white,Birkenstock,46.08,58.94,22,4.1,5129,101,https://picsum.photos/seed/birkenstock-sandals-622/800/1000,3,True,7|6|10,Blue
623,Hoka Clifton 9 - White (1),footwear,running,max cushion|running|white,Hoka,164.22,204.84,20,4.3,11587,492,https://picsum.photos/seed/hoka-running-623/800/1000,6,True,8|7|6,Brown|Olive|Grey
624,Sony WH-1000XM5 - Pink (4),accessories,headphones,anc|wireless|pink,Sony,380.94,422.83,10,4.5,17970,65,https://picsum.photos/seed/sony-headphones-624/800/1000,6,True,,Blue|Navy
625,Kids Nike Team Hustle D 11 - Brown (1),kids,sneakers,kids|basketball|brown,Nike,65.11,78.11,17,4.9,8985,221,https://picsum.photos/seed/nike-sneakers-625/800/1000,2,True,11C|1Y|2Y|12C|13C|10C,Blue|Beige|Grey
626,The North Face Nuptse Jacket - White (4),women,jackets,down|outdoor|white,The North Face,329.41,352.58,7,4.3,8990,254,https://picsum.photos/seed/the-north-face-jackets-626/800/1000,3,False,M|XXL|XS|L|XL|S,Black|Red
627,La Roche-Posay Anthelios SPF 60 - Pink (4),beauty,skincare,sunscreen|spf|pink,La Roche-Posay,33.81,40.57,17,4.0,11737,349,https://picsum.photos/seed/la-roche-posay-skincare-627/800/1000,4,True,,Green|Pink
628,The North Face Nuptse Jacket - Brown (2),women,jackets,down|outdoor|brown,The North Face,297.6,316.95,6,4.2,17024,305,https://picsum.photos/seed/the-north-face-jackets-628/800/1000,6,True,S|M|XXL|XL|L|XS,Green
629,Herschel Little America Backpack - White (3),accessories,bags,backpack|travel|white,Herschel,115.46,137.24,16,4.7,6236,40,https://picsum.photos/seed/herschel-bags-629/800/1000,2,False,,Olive|Red|Beige
630,Levi's 501 Original Fit Jeans - White (2),men,jeans,denim|heritage|white,Levi's,88.96,106.62,17,4.0,17219,177,https://picsum.photos/seed/levi's-jeans-630/800/1000,3,True,XXL|XS|M|XL,Pink|Brown
631,Adidas Ultraboost Light - Brown (2),footwear,running,running|boost|performance|brown,Adidas,173.77,206.65,16,5.0,932,460,https://picsum.photos/seed/adidas-running-631/800/1000,3,True,12|7|8,Black|Pink|Navy
632,The Ordinary Niacinamide 10% + Zinc 1% - White (3),beauty,serum,niacinamide|oil control|white,The Ordinary,11.51,13.88,17,3.9,10745,361,https://picsum.photos/seed/the-ordinary-serum-632/800/1000,6,True,,White|Blue
633,Nike Air Force 1 '07 - Red (1),footwear,sneakers,sneakers|leather|heritage|red,Nike,106.26,121.65,13,4.9,1573,60,https://picsum.photos/seed/nike-sneakers-633/800/1000,6,True,12|9|10|6|11|8,Green|Black|Blue
634,Madewell Transport Tote - White (1),accessories,bags,tote|leather|white,Madewell,214.57,246.76,13,4.9,4148,445,https://picsum.photos/seed/madewell-bags-634/800/1000,5,True,,Black
635,Nike Air Force 1 '07 - White (3),footwear,sneakers,sneakers|leather|heritage|white,Nike,104.75,115.38,9,4.7,14010,194,https://picsum.photos/seed/nike-sneakers-635/800/1000,6,True,11|8|12|7|6,Navy|Brown|Red
636,Rains Long Jacket - Purple (3),men,jackets,rain|lightweight|purple,Rains,138.51,154.43,10,4.6,2326,272,https://picsum.photos/seed/rains-jackets-636/800/1000,3,True,XXL|XS|S,Red|Beige|Purple
637,Vuori Halo Performance Hoodie - Brown (1),women,hoodies,athleisure|soft|brown,Vuori,89.54,116.73,23,4.8,16323,75,https://picsum.photos/seed/vuori-hoodies-637/800/1000,5,True,XS|S|XXL|L|XL|M,Red|Purple
638,Garmin Forerunner 265 - Brown (3),accessories,watches,gps|running|brown,Garmin,410.13,455.55,10,4.4,4909,334,https://picsum.photos/seed/garmin-watches-638/800/1000,5,True,,Red
639,Timberland 6-Inch Premium - Pink (1),footwear,boots,boots|waterproof|pink,Timberland,225.05,241.92,7,4.0,404,340,https://picsum.photos/seed/timberland-boots-639/800/1000,2,True,8|10|9,Green|Blue
640,Birkenstock Arizona EVA - Blue (4),footwear,sandals,sandals|summer|blue,Birkenstock,51.92,64.39,19,5.0,13027,77,https://picsum.photos/seed/birkenstock-sandals-640/800/1000,2,True,10|7|9,Navy
641,Aritzia Super Puff - Brown (1),women,jackets,puffer|winter|brown,Aritzia,272.05,352.33,23,4.3,5787,354,https://picsum.photos/seed/aritzia-jackets-641/800/1000,2,False,L|XXL|XL|M,Black|Beige
642,Reformation Nikita Dress - Olive (2),women,dresses,sustainable|summer|olive,Reformation,234.1,252.9,7,4.2,2007,150,https://picsum.photos/seed/reformation-dresses-642/800/1000,4,True,XS|S|XL|L,Pink|Blue|Olive
643,Kids Nike Team Hustle D 11 - Blue (1),kids,sneakers,kids|basketball|blue,Nike,78.64,103.09,24,4.0,14285,406,https://picsum.photos/seed/nike-sneakers-643/800/1000,4,True,1Y|2Y|11C|3Y|10C,Blue
644,Oakley Holbrook Prizm - Green (3),accessories,sunglasses,prizm|sport|green,Oakley,163.94,202.72,19,4.0,13720,207,https://picsum.photos/seed/oakley-sunglasses-644/800/1000,2,False,,Black
645,Carhartt WIP Chase Hoodie - Red (3),men,hoodies,fleece|street|red,Carhartt WIP,89.48,111.46,20,3.8,4969,99,https://picsum.photos/seed/carhartt-wip-hoodies-645/800/1000,2,True,XXL|S|M|L|XS,Green|Brown
646,Rains Long Jacket - Black (4),men,jackets,rain|lightweight|black,Rains,128.06,149.25,14,4.3,11231,422,https://picsum.photos/seed/rains-jackets-646/800/1000,5,False,XL|M|XXL,White|Green
647,Birkenstock Arizona EVA - Pink (3),footwear,sandals,sandals|summer|pink,Birkenstock,48.92,63.04,22,3.9,10114,303,https://picsum.photos/seed/birkenstock-sandals-647/800/1000,6,True,6|10|7|9|12|11,White
648,Ray-Ban Wayfarer Classic - Grey (4),accessories,sunglasses,acetate|uv|grey,Ray-Ban,155.0,196.95,21,4.6,7449,158,https://picsum.photos/seed/ray-ban-sunglasses-648/800/1000,3,False,,Black|Navy|Olive
649,Athleta Salutation Stash 7/8 Tight - Pink (2),women,activewear,leggings|performance|pink,Athleta,89.79,115.39,22,4.8,7757,213,https://picsum.photos/seed/athleta-activewear-649/800/1000,2,True,XS|XXL|L|XL|S|M,Purple|Pink
650,Garmin Forerunner 265 - Brown (2),accessories,watches,gps|running|brown,Garmin,451.06,494.5,9,4.3,17178,156,https://picsum.photos/seed/garmin-watches-650/800/1000,5,False,,Red|Purple
651,Reformation Nikita Dress - Purple (4),women,dresses,sustainable|summer|purple,Reformation,270.06,293.14,8,3.9,9569,135,https://picsum.photos/seed/reformation-dresses-651/800/1000,6,True,S|L|XS|M,Grey
652,Sony WH-1000XM5 - Beige (1),accessories,headphones,anc|wireless|beige,Sony,443.47,510.39,13,3.8,13041,10,https://picsum.photos/seed/sony-headphones-652/800/1000,4,True,,Olive
653,CeraVe Hydrating Facial Cleanser - Black (3),beauty,skincare,cleanser|ceramides|black,CeraVe,17.5,20.84,16,4.7,8509,87,https://picsum.photos/seed/cerave-skincare-653/800/1000,2,True,,Beige
654,LEGO Classic Bricks and Wheels - Navy (3),kids,toys,lego|creative|navy,LEGO,29.26,38.12,23,4.7,2825,114,https://picsum.photos/seed/lego-toys-654/800/1000,3,True,12C|1Y|3Y|2Y,Pink
655,Nike Dri-FIT Challenger Shorts - Red (2),men,shorts,running|lightweight|red,Nike,50.77,61.19,17,4.9,9524,146,https://picsum.photos/seed/nike-shorts-655/800/1000,5,True,L|XXL|S,Navy|Grey
656,Nike Dri-FIT Challenger Shorts - Green (1),men,shorts,running|lightweight|green,Nike,49.55,63.5,22,4.4,16187,414,https://picsum.photos/seed/nike-shorts-656/800/1000,6,True,L|M|XXL|S,Purple
657,Levi's Ribcage Straight Ankle - Purple (2),women,jeans,denim|high rise|purple,Levi's,103.49,139.16,26,4.5,4682,0,https://picsum.photos/seed/levi's-jeans-657/800/1000,5,False,XXL|S|XL|M|L,Pink
658,Fenty Beauty Gloss Bomb - Blue (2),beauty,makeup,lip gloss|shine|blue,Fenty Beauty,19.32,25.64,25,4.4,17617,297,https://picsum.photos/seed/fenty-beauty-makeup-658/800/1000,6,True,,White
659,CeraVe Hydrating Facial Cleanser - Olive (4),beauty,skincare,cleanser|ceramides|olive,CeraVe,17.35,22.09,21,4.5,3745,118,https://picsum.photos/seed/cerave-skincare-659/800/1000,4,True,,Green|Beige
660,Rains Long Jacket - Pink (4),men,jackets,rain|lightweight|pink,Rains,132.58,152.45,13,4.8,16123,215,https://picsum.photos/seed/rains-jackets-660/800/1000,4,True,XXL|XS|XL|M,Olive|Green|Brown
661,Apple Watch SE (2nd Gen) - Black (2),accessories,watches,smartwatch|fitness|black,Apple,257.23,317.53,19,4.0,14883,400,https://picsum.photos/seed/apple-watches-661/800/1000,4,True,,Navy|Grey|Olive
662,Ray-Ban Wayfarer Classic - Grey (4),accessories,sunglasses,acetate|uv|grey,Ray-Ban,164.56,192.1,14,3.8,16538,303,https://picsum.photos/seed/ray-ban-sunglasses-662/800/1000,6,True,,Green|Blue
663,LEGO Classic Bricks and Wheels - White (2),kids,toys,lego|creative|white,LEGO,30.0,34.88,14,4.4,15429,59,https://picsum.photos/seed/lego-toys-663/800/1000,6,True,3Y|12C|2Y|10C|11C|1Y|13C,Blue|Green
664,The Ordinary Niacinamide 10% + Zinc 1% - Blue (1),beauty,serum,niacinamide|oil control|blue,The Ordinary,13.44,16.39,18,4.7,17694,311,https://picsum.photos/seed/the-ordinary-serum-664/800/1000,5,True,,White
665,Rains Long Jacket - Black (4),men,jackets,rain|lightweight|black,Rains,127.21,164.61,23,4.9,9252,66,https://picsum.photos/seed/rains-jackets-665/800/1000,2,False,XL|XXL|XS,Olive
666,Adidas Originals Stan Smith Kids - White (2),kids,sneakers,kids|sneakers|white,Adidas,69.52,73.95,6,4.4,915,23,https://picsum.photos/seed/adidas-sneakers-666/800/1000,2,True,11C|1Y|13C|10C|2Y|12C|3Y,Purple
667,Bellroy Slim Sleeve Wallet - Navy (3),accessories,wallets,leather|rfid|navy,Bellroy,75.26,85.51,12,3.8,8631,97,https://picsum.photos/seed/bellroy-wallets-667/800/1000,4,True,,Black|Blue|Pink
668,Patagonia Better Sweater Fleece - Black (4),women,sweaters,fleece|outdoor|black,Patagonia,156.02,183.61,15,4.0,13009,260,https://picsum.photos/seed/patagonia-sweaters-668/800/1000,5,True,XL|XS|M|XXL|L,Brown|Blue|Grey
669,Uniqlo U Crew Neck T-Shirt - Beige (4),men,t-shirts,basics|cotton|beige,Uniqlo,18.55,25.0,26,4.6,7793,397,https://picsum.photos/seed/uniqlo-t-shirts-669/800/1000,3,True,XXL|XL|S|M,Beige|Purple
670,Lululemon ABC Slim-Fit Pant - Olive (3),men,pants,commuter|stretch|olive,Lululemon,116.15,153.06,24,4.1,7867,302,https://picsum.photos/seed/lululemon-pants-670/800/1000,5,True,L|XXL|M|XS|S|XL,Beige
671,Patagonia Better Sweater Fleece - Green (3),women,sweaters,fleece|outdoor|green,Patagonia,140.21,182.85,23,4.6,15517,395,https://picsum.photos/seed/patagonia-sweaters-671/800/1000,4,True,M|XL|L,Olive|Purple|Pink
672,Dr. Martens 1460 Smooth - Pink (3),footwear,boots,boots|leather|pink,Dr. Martens,167.04,181.89,8,3.9,5002,317,https://picsum.photos/seed/dr.-martens-boots-672/800/1000,6,True,10|7|6|12|9,Blue|Red
673,Carhartt WIP Chase Hoodie - Red (4),men,hoodies,fleece|street|red,Carhartt WIP,86.68,94.85,9,4.6,9787,297,https://picsum.photos/seed/carhartt-wip-hoodies-673/800/1000,5,True,L|XXL|XS|M|XL|S,Green|Beige|Pink
674,Patagonia Better Sweater Fleece - Blue (2),women,sweaters,fleece|outdoor|blue,Patagonia,127.05,145.7,13,4.4,16541,295,https://picsum.photos/seed/patagonia-sweaters-674/800/1000,5,True,L|XL|M,Pink|Grey|Green
675,Aritzia Super Puff - Blue (3),women,jackets,puffer|winter|blue,Aritzia,282.87,299.36,6,4.4,13050,247,https://picsum.photos/seed/aritzia-jackets-675/800/1000,5,True,M|XXL|S|L|XS|XL,Beige
676,The Ordinary Niacinamide 10% + Zinc 1% - Green (3),beauty,serum,niacinamide|oil control|green,The Ordinary,11.88,13.98,15,4.1,6197,476,https://picsum.photos/seed/the-ordinary-serum-676/800/1000,5,True,,Black|Navy
677,Arc'teryx Atom LT Hoody - Pink (2),men,jackets,insulated|outdoor|pink,Arc'teryx,300.59,338.35,11,4.2,5329,41,https://picsum.photos/seed/arc'teryx-jackets-677/800/1000,5,False,XXL|L|M|S,Grey|Pink|Navy
678,Levi's 501 Original Fit Jeans - Black (4),men,jeans,denim|heritage|black,Levi's,112.56,149.72,25,4.4,16738,153,https://picsum.photos/seed/levi's-jeans-678/800/1000,3,False,XS|XXL|M|S|XL|L,Brown
679,Bose QuietComfort Ultra - Navy (3),accessories,headphones,anc|comfort|navy,Bose,472.1,555.38,15,4.8,7853,320,https://picsum.photos/seed/bose-headphones-679/800/1000,3,True,,Olive|Grey
680,Tumi Alpha 3 Expandable Brief - Green (3),accessories,bags,brief|travel|green,Tumi,495.61,596.53,17,4.0,15075,494,https://picsum.photos/seed/tumi-bags-680/800/1000,2,False,,Purple|Green|Grey
681,Gap Kids Graphic Tee - Navy (4),kids,t-shirts,cotton|graphic|navy,Gap,17.41,20.63,16,4.2,3441,389,https://picsum.photos/seed/gap-t-shirts-681/800/1000,4,True,13C|12C|3Y|1Y,Grey|Black|Beige
682,Casio G-Shock DW5600 - Pink (4),accessories,watches,shock resistant|digital|pink,Casio,90.16,103.42,13,4.7,13770,311,https://picsum.photos/seed/casio-watches-682/800/1000,3,True,,Grey
683,Vuori Halo Performance Hoodie - Blue (3),women,hoodies,athleisure|soft|blue,Vuori,90.8,121.52,25,4.3,7096,197,https://picsum.photos/seed/vuori-hoodies-683/800/1000,5,True,L|XL|XS|XXL|S|M,Black|Olive
684,Olaplex No.3 Hair Perfector - Grey (2),beauty,haircare,bond repair|hair|grey,Olaplex,29.86,36.21,18,4.7,401,267,https://picsum.photos/seed/olaplex-haircare-684/800/1000,3,True,,Black|Navy
685,Adidas Originals Stan Smith Kids - White (4),kids,sneakers,kids|sneakers|white,Adidas,71.81,94.72,24,3.9,244,429,https://picsum.photos/seed/adidas-sneakers-685/800/1000,2,False,1Y|2Y,Green
686,Kindle Paperwhite 11th Gen - Pink (1),accessories,ereader,ereader|waterproof|pink,Amazon,161.97,176.58,8,4.3,10517,323,https://picsum.photos/seed/amazon-ereader-686/800/1000,4,False,,Brown
687,Kiehl's Ultra Facial Cream - Navy (3),beauty,moisturizer,moisturizer|hydrating|navy,Kiehl's,39.53,49.65,20,4.2,15954,437,https://picsum.photos/seed/kiehl's-moisturizer-687/800/1000,3,True,,White|Navy|Green
688,Madewell Transport Tote - Black (2),accessories,bags,tote|leather|black,Madewell,172.31,221.85,22,4.4,7434,394,https://picsum.photos/seed/madewell-bags-688/800/1000,2,False,,Red|White
689,Uniqlo U Crew Neck T-Shirt - White (1),men,t-shirts,basics|cotton|white,Uniqlo,20.59,25.87,20,4.8,673,356,https://picsum.photos/seed/uniqlo-t-shirts-689/800/1000,4,False,XXL|M|XS,Navy|Olive
690,Herschel Little America Backpack - Red (1),accessories,bags,backpack|travel|red,Herschel,125.67,143.23,12,3.9,14111,287,https://picsum.photos/seed/herschel-bags-690/800/1000,2,True,,Pink|Olive|Red
691,Lululemon ABC Slim-Fit Pant - Purple (4),men,pants,commuter|stretch|purple,Lululemon,124.79,144.52,14,4.8,17755,126,https://picsum.photos/seed/lululemon-pants-691/800/1000,6,False,XS|XL|M|XXL|S,Purple
692,Levi's Ribcage Straight Ankle - Black (2),women,jeans,denim|high rise|black,Levi's,113.83,120.7,6,4.8,3815,64,https://picsum.photos/seed/levi's-jeans-692/800/1000,5,False,XXL|L|M|XL|XS|S,Black|Green
693,Gap Kids Graphic Tee - Black (1),kids,t-shirts,cotton|graphic|black,Gap,16.59,19.3,14,4.1,4554,241,https://picsum.photos/seed/gap-t-shirts-693/800/1000,4,True,1Y|3Y,Black
694,LEGO Classic Bricks and Wheels - Beige (2),kids,toys,lego|creative|beige,LEGO,30.09,34.55,13,4.3,13500,361,https://picsum.photos/seed/lego-toys-694/800/1000,3,True,11C|2Y|12C,White
695,CeraVe Hydrating Facial Cleanser - Red (3),beauty,skincare,cleanser|ceramides|red,CeraVe,15.92,16.82,5,3.9,13346,257,https://picsum.photos/seed/cerave-skincare-695/800/1000,6,False,,Blue|Olive
696,Dr. Martens 1460 Smooth - Olive (3),footwear,boots,boots|leather|olive,Dr. Martens,173.03,205.19,16,5.0,356,440,https://picsum.photos/seed/dr.-martens-boots-696/800/1000,3,True,10|11|7|9|12,Blue
697,LEGO Classic Bricks and Wheels - Grey (1),kids,toys,lego|creative|grey,LEGO,30.0,39.95,25,4.9,6513,281,https://picsum.photos/seed/lego-toys-697/800/1000,6,False,12C|10C|11C,Brown
698,Anker 737 Power Bank - Brown (3),accessories,gadgets,power bank|usb-c|brown,Anker,145.72,172.21,15,4.9,8090,97,https://picsum.photos/seed/anker-gadgets-698/800/1000,6,False,,White|Black|Olive
699,Anker 737 Power Bank - White (3),accessories,gadgets,power bank|usb-c|white,Anker,152.24,177.17,14,3.9,7264,339,https://picsum.photos/seed/anker-gadgets-699/800/1000,3,True,,Olive
700,La Roche-Posay Anthelios SPF 60 - Grey (2),beauty,skincare,sunscreen|spf|grey,La Roche-Posay,40.35,52.73,23,4.7,868,429,https://picsum.photos/seed/la-roche-posay-skincare-700/800/1000,2,True,,Red
701,Bellroy Slim Sleeve Wallet - Black (4),accessories,wallets,leather|rfid|black,Bellroy,72.33,84.78,15,4.6,12348,90,https://picsum.photos/seed/bellroy-wallets-701/800/1000,6,True,,Brown|Blue|Grey
702,Bose QuietComfort Ultra - Purple (3),accessories,headphones,anc|comfort|purple,Bose,414.23,530.16,22,3.8,662,212,https://picsum.photos/seed/bose-headphones-702/800/1000,4,True,,Grey
703,Carter's 2-Piece Pajama Set - Purple (1),kids,sleepwear,pajamas|soft|purple,Carter's,27.34,30.25,10,4.2,11886,495,https://picsum.photos/seed/carter's-sleepwear-703/800/1000,3,True,12C|13C|3Y|10C|11C|2Y,Beige|Blue
704,Kindle Paperwhite 11th Gen - Beige (4),accessories,ereader,ereader|waterproof|beige,Amazon,142.55,160.75,11,4.7,3150,445,https://picsum.photos/seed/amazon-ereader-704/800/1000,3,True,,Olive|Grey
705,Bose QuietComfort Ultra - Purple (3),accessories,headphones,anc|comfort|purple,Bose,395.18,441.44,10,4.6,5607,493,https://picsum.photos/seed/bose-headphones-705/800/1000,4,True,,Red|Navy|Grey
706,Tumi Alpha 3 Expandable Brief - White (4),accessories,bags,brief|travel|white,Tumi,495.9,650.76,24,4.5,11565,259,https://picsum.photos/seed/tumi-bags-706/800/1000,2,True,,Beige|Blue
707,Madewell Transport Tote - Red (4),accessories,bags,tote|leather|red,Madewell,191.17,244.22,22,3.8,8876,277,https://picsum.photos/seed/madewell-bags-707/800/1000,6,True,,Navy|Pink
708,Olaplex No.3 Hair Perfector - Beige (3),beauty,haircare,bond repair|hair|beige,Olaplex,30.43,36.85,17,4.6,3984,154,https://picsum.photos/seed/olaplex-haircare-708/800/1000,2,True,,Purple
709,Nike Air Force 1 '07 - Grey (1),footwear,sneakers,sneakers|leather|heritage|grey,Nike,125.57,148.83,16,4.0,10103,356,https://picsum.photos/seed/nike-sneakers-709/800/1000,5,True,7|8|9,Brown|Red
710,Sephora Collection Cream Lip Stain - Grey (3),beauty,makeup,lip|matte|grey,Sephora Collection,15.15,17.23,12,4.1,17489,221,https://picsum.photos/seed/sephora-collection-makeup-710/800/1000,4,True,,Red|White
711,Dyson Supersonic Hair Dryer - Green (3),beauty,haircare,hair dryer|premium|green,Dyson,423.84,505.83,16,4.6,17069,288,https://picsum.photos/seed/dyson-haircare-711/800/1000,4,True,,Red|Grey|Brown
712,Bose QuietComfort Ultra - Beige (1),accessories,headphones,anc|comfort|beige,Bose,472.39,526.96,10,4.5,17130,436,https://picsum.photos/seed/bose-headphones-712/800/1000,4,False,,Brown|Grey|Purple
713,Sephora Collection Cream Lip Stain - Red (1),beauty,makeup,lip|matte|red,Sephora Collection,15.9,20.62,23,4.3,14249,202,https://picsum.photos/seed/sephora-collection-makeup-713/800/1000,3,False,,White|Grey|Brown
714,Kindle Paperwhite 11th Gen - Black (4),accessories,ereader,ereader|waterproof|black,Amazon,164.38,185.94,12,4.8,8342,41,https://picsum.photos/seed/amazon-ereader-714/800/1000,4,False,,Green
715,Casio G-Shock DW5600 - Grey (3),accessories,watches,shock resistant|digital|grey,Casio,97.1,115.19,16,4.6,17495,270,https://picsum.photos/seed/casio-watches-715/800/1000,2,False,,Brown
716,Everlane Organic Cotton Box-Cut Tee - White (2),women,tops,basics|cotton|white,Everlane,30.6,34.32,11,4.7,5910,212,https://picsum.photos/seed/everlane-tops-716/800/1000,6,True,S|XXL|XS|L,White
717,Apple Watch SE (2nd Gen) - Red (2),accessories,watches,smartwatch|fitness|red,Apple,282.07,305.09,8,4.0,2574,127,https://picsum.photos/seed/apple-watches-717/800/1000,4,True,,Grey
718,The Ordinary Niacinamide 10% + Zinc 1% - Green (1),beauty,serum,niacinamide|oil control|green,The Ordinary,11.66,13.36,13,4.1,4533,75,https://picsum.photos/seed/the-ordinary-serum-718/800/1000,6,True,,Beige
719,Hoka Clifton 9 - White (2),footwear,running,max cushion|running|white,Hoka,135.11,175.85,23,4.6,6573,40,https://picsum.photos/seed/hoka-running-719/800/1000,5,True,6|12|11|9|10,Navy
720,Oakley Holbrook Prizm - Black (2),accessories,sunglasses,prizm|sport|black,Oakley,180.09,213.64,16,3.9,11813,449,https://picsum.photos/seed/oakley-sunglasses-720/800/1000,6,False,,Navy|Blue|Grey
721,Birkenstock Arizona EVA - Blue (3),footwear,sandals,sandals|summer|blue,Birkenstock,50.75,55.33,8,4.0,805,303,https://picsum.photos/seed/birkenstock-sandals-721/800/1000,3,False,10|6|11|8|7,Navy|White|Black
722,Kids Nike Team Hustle D 11 - White (3),kids,sneakers,kids|basketball|white,Nike,67.81,84.88,20,4.2,9379,234,https://picsum.photos/seed/nike-sneakers-722/800/1000,4,False,2Y|11C|12C|1Y|13C|3Y,Olive|White|Grey
723,Sony WH-1000XM5 - Navy (1),accessories,headphones,anc|wireless|navy,Sony,379.11,451.34,16,4.5,15489,234,https://picsum.photos/seed/sony-headphones-723/800/1000,5,False,,Pink|Green
724,Adidas Originals Stan Smith Kids - Red (4),kids,sneakers,kids|sneakers|red,Adidas,70.4,85.95,18,5.0,15738,45,https://picsum.photos/seed/adidas-sneakers-724/800/1000,5,False,2Y|10C,Pink
725,Reformation Nikita Dress - Grey (4),women,dresses,sustainable|summer|grey,Reformation,258.68,321.38,20,4.6,4032,486,https://picsum.photos/seed/reformation-dresses-725/800/1000,5,True,S|XXL|L|XS|M,Brown
726,Nike Air Force 1 '07 - Navy (1),footwear,sneakers,sneakers|leather|heritage|navy,Nike,99.26,133.31,26,3.8,2289,117,https://picsum.photos/seed/nike-sneakers-726/800/1000,2,True,6|7|10|8|11|9|12,Navy
727,Arc'teryx Atom LT Hoody - Beige (3),men,jackets,insulated|outdoor|beige,Arc'teryx,268.43,312.76,14,4.6,16337,414,https://picsum.photos/seed/arc'teryx-jackets-727/800/1000,4,False,M|L|S|XS|XXL,Red|Pink
728,Allbirds Wool Runner - Pink (2),footwear,sneakers,merino|sustainable|pink,Allbirds,100.94,126.01,20,4.1,17079,45,https://picsum.photos/seed/allbirds-sneakers-728/800/1000,4,True,9|8|6|11|10,Purple
729,Timberland 6-Inch Premium - Beige (4),footwear,boots,boots|waterproof|beige,Timberland,209.97,245.47,14,4.8,4311,144,https://picsum.photos/seed/timberland-boots-729/800/1000,2,True,7|8|9,Grey|Black
730,Rains Long Jacket - Black (4),men,jackets,rain|lightweight|black,Rains,118.81,160.13,26,4.5,6816,186,https://picsum.photos/seed/rains-jackets-730/800/1000,5,True,XS|XXL|M|XL,Black
731,Allbirds Wool Runner - Navy (1),footwear,sneakers,merino|sustainable|navy,Allbirds,110.15,145.31,24,4.0,12782,5,https://picsum.photos/seed/allbirds-sneakers-731/800/1000,3,True,10|12|6|9|11|7,Purple|Brown
732,The Ordinary Niacinamide 10% + Zinc 1% - Pink (3),beauty,serum,niacinamide|oil control|pink,The Ordinary,11.0,12.34,11,4.5,16803,188,https://picsum.photos/seed/the-ordinary-serum-732/800/1000,6,False,,Brown
733,Athleta Salutation Stash 7/8 Tight - Beige (3),women,activewear,leggings|performance|beige,Athleta,108.51,141.3,23,4.7,8272,205,https://picsum.photos/seed/athleta-activewear-733/800/1000,5,False,L|XXL|S,Pink|Green
734,Apple Watch SE (2nd Gen) - Olive (3),accessories,watches,smartwatch|fitness|olive,Apple,250.64,325.46,23,4.7,16143,289,https://picsum.photos/seed/apple-watches-734/800/1000,3,False,,Olive|Blue|White
735,Tumi Alpha 3 Expandable Brief - Pink (3),accessories,bags,brief|travel|pink,Tumi,457.59,488.65,6,4.7,12244,78,https://picsum.photos/seed/tumi-bags-735/800/1000,4,True,,Pink
736,Casio G-Shock DW5600 - Navy (2),accessories,watches,shock resistant|digital|navy,Casio,110.35,117.19,6,4.5,12704,132,https://picsum.photos/seed/casio-watches-736/800/1000,2,False,,Beige|Purple|Olive
737,The North Face Nuptse Jacket - Pink (3),women,jackets,down|outdoor|pink,The North Face,306.85,338.77,9,4.1,336,379,https://picsum.photos/seed/the-north-face-jackets-737/800/1000,6,False,XL|XXL|L|S|M,Red|White
738,Fenty Beauty Gloss Bomb - Brown (1),beauty,makeup,lip gloss|shine|brown,Fenty Beauty,19.32,24.11,20,4.2,8843,118,https://picsum.photos/seed/fenty-beauty-makeup-738/800/1000,3,True,,Beige
739,Rains Long Jacket - Pink (4),men,jackets,rain|lightweight|pink,Rains,118.71,140.46,15,4.4,687,45,https://picsum.photos/seed/rains-jackets-739/800/1000,2,False,XXL|XS|S,Green|Navy|Grey
740,Garmin Forerunner 265 - Olive (1),accessories,watches,gps|running|olive,Garmin,472.76,563.02,16,3.9,4048,49,https://picsum.photos/seed/garmin-watches-740/800/1000,4,False,,Green
741,Converse Chuck 70 High - Purple (3),footwear,sneakers,canvas|lifestyle|purple,Converse,98.69,124.47,21,4.8,10216,195,https://picsum.photos/seed/converse-sneakers-741/800/1000,6,False,7|10|9|11|12|6,Navy|White
742,Tumi Alpha 3 Expandable Brief - Black (2),accessories,bags,brief|travel|black,Tumi,481.76,523.28,8,4.9,10953,271,https://picsum.photos/seed/tumi-bags-742/800/1000,3,True,,Red|Brown|Navy
743,Sony WH-1000XM5 - Beige (4),accessories,headphones,anc|wireless|beige,Sony,405.77,466.19,13,3.8,17399,409,https://picsum.photos/seed/sony-headphones-743/800/1000,4,False,,Pink|Grey|Navy
744,Anker 737 Power Bank - Beige (1),accessories,gadgets,power bank|usb-c|beige,Anker,150.81,182.25,17,4.4,11139,212,https://picsum.photos/seed/anker-gadgets-744/800/1000,6,True,,Purple
745,Vuori Halo Performance Hoodie - Red (3),women,hoodies,athleisure|soft|red,Vuori,93.99,110.31,15,4.0,6791,63,https://picsum.photos/seed/vuori-hoodies-745/800/1000,2,False,XS|S|M|L|XL|XXL,Blue|Green|Red
746,Adidas Ultraboost Light - Brown (4),footwear,running,running|boost|performance|brown,Adidas,206.2,248.14,17,4.2,3038,187,https://picsum.photos/seed/adidas-running-746/800/1000,3,True,12|10|8|6|11|7,Beige
747,Dyson Supersonic Hair Dryer - Black (1),beauty,haircare,hair dryer|premium|black,Dyson,390.06,465.22,16,4.4,4149,277,https://picsum.photos/seed/dyson-haircare-747/800/1000,6,False,,White|Beige
748,Nike Air Force 1 '07 - Navy (1),footwear,sneakers,sneakers|leather|heritage|navy,Nike,114.48,143.85,20,4.7,10329,495,https://picsum.photos/seed/nike-sneakers-748/800/1000,6,False,7|10|6|11,Black|Pink|Purple
749,Garmin Forerunner 265 - Green (3),accessories,watches,gps|running|green,Garmin,424.44,548.54,23,4.4,9512,94,https://picsum.photos/seed/garmin-watches-749/800/1000,2,True,,Purple|Pink|Grey
750,Nike Dri-FIT Challenger Shorts - Grey (1),men,shorts,running|lightweight|grey,Nike,47.29,50.04,5,4.2,17768,134,https://picsum.photos/seed/nike-shorts-750/800/1000,4,False,XXL|XS|S|M,Beige|White|Brown
751,Dr. Martens 1460 Smooth - Black (4),footwear,boots,boots|leather|black,Dr. Martens,157.88,213.06,26,4.6,15994,279,https://picsum.photos/seed/dr.-martens-boots-751/800/1000,5,True,10|6|9|7|12,Olive
752,Herschel Little America Backpack - Navy (4),accessories,bags,backpack|travel|navy,Herschel,110.35,144.3,24,4.5,5314,135,https://picsum.photos/seed/herschel-bags-752/800/1000,2,True,,Black|Grey
753,Carhartt WIP Chase Hoodie - Purple (4),men,hoodies,fleece|street|purple,Carhartt WIP,83.94,110.35,24,4.1,10317,453,https://picsum.photos/seed/carhartt-wip-hoodies-753/800/1000,4,False,S|M|XS|L|XL,Grey|Purple|Navy
754,Nike Air Force 1 '07 - Black (1),footwear,sneakers,sneakers|leather|heritage|black,Nike,117.16,143.82,19,4.3,17153,26,https://picsum.photos/seed/nike-sneakers-754/800/1000,4,False,10|11|6|12,Olive|Beige
755,Skip Hop Diaper Backpack - Purple (4),kids,bags,parents|diaper|purple,Skip Hop,82.81,95.21,13,4.0,5526,26,https://picsum.photos/seed/skip-hop-bags-755/800/1000,5,True,11C|2Y|3Y|10C|12C|13C,Olive
756,Rains Long Jacket - Grey (1),men,jackets,rain|lightweight|grey,Rains,128.87,148.43,13,4.5,8353,367,https://picsum.photos/seed/rains-jackets-756/800/1000,5,True,M|XL|XXL|S|L,Green
757,Uniqlo U Crew Neck T-Shirt - Grey (4),men,t-shirts,basics|cotton|grey,Uniqlo,19.2,21.31,10,4.8,11949,69,https://picsum.photos/seed/uniqlo-t-shirts-757/800/1000,4,True,XXL|L|S|M,Grey
758,Arc'teryx Atom LT Hoody - Navy (3),men,jackets,insulated|outdoor|navy,Arc'teryx,290.39,340.4,15,4.8,540,394,https://picsum.photos/seed/arc'teryx-jackets-758/800/1000,5,False,M|S|XL,Pink
759,LEGO Classic Bricks and Wheels - Beige (1),kids,toys,lego|creative|beige,LEGO,30.16,36.91,18,4.7,5868,354,https://picsum.photos/seed/lego-toys-759/800/1000,6,True,10C|1Y|11C|3Y,Purple|White|Navy
760,Reformation Nikita Dress - Red (2),women,dresses,sustainable|summer|red,Reformation,268.91,302.15,11,4.4,10371,444,https://picsum.photos/seed/reformation-dresses-760/800/1000,6,True,S|M|L|XXL|XS|XL,Green|Red
761,Dr. Martens 1460 Smooth - Green (1),footwear,boots,boots|leather|green,Dr. Martens,155.14,190.85,19,4.7,5206,157,https://picsum.photos/seed/dr.-martens-boots-761/800/1000,5,False,12|11|8|6,Navy
762,Levi's Ribcage Straight Ankle - Blue (3),women,jeans,denim|high rise|blue,Levi's,124.03,165.94,25,4.1,5648,5,https://picsum.photos/seed/levi's-jeans-762/800/1000,6,False,L|XXL|M|XS|S,Grey
763,Hoka Clifton 9 - Black (1),footwear,running,max cushion|running|black,Hoka,134.36,158.36,15,4.0,8691,2,https://picsum.photos/seed/hoka-running-763/800/1000,6,False,11|7|10,White|Purple|Black
764,Reformation Nikita Dress - Green (4),women,dresses,sustainable|summer|green,Reformation,247.86,266.33,7,4.0,14988,322,https://picsum.photos/seed/reformation-dresses-764/800/1000,3,False,L|XXL|M|XS|XL,Pink|Red|Beige
765,Timberland 6-Inch Premium - White (4),footwear,boots,boots|waterproof|white,Timberland,195.93,247.0,21,4.4,11443,205,https://picsum.photos/seed/timberland-boots-765/800/1000,3,False,7|8|6|11|10,Red|Grey
766,The Ordinary Niacinamide 10% + Zinc 1% - Black (3),beauty,serum,niacinamide|oil control|black,The Ordinary,12.52,13.68,8,5.0,13513,412,https://picsum.photos/seed/the-ordinary-serum-766/800/1000,4,True,,Pink|Navy
767,Tumi Alpha 3 Expandable Brief - Navy (4),accessories,bags,brief|travel|navy,Tumi,537.17,709.56,24,3.8,2334,105,https://picsum.photos/seed/tumi-bags-767/800/1000,3,True,,Grey
768,Sephora Collection Cream Lip Stain - Green (1),beauty,makeup,lip|matte|green,Sephora Collection,16.44,21.03,22,4.3,11743,490,https://picsum.photos/seed/sephora-collection-makeup-768/800/1000,3,True,,Black|Pink|Green
769,Carhartt WIP Chase Hoodie - Pink (1),men,hoodies,fleece|street|pink,Carhartt WIP,89.43,103.34,13,4.3,9393,21,https://picsum.photos/seed/carhartt-wip-hoodies-769/800/1000,3,True,L|XXL|M|S,White|Red
770,Ray-Ban Wayfarer Classic - Black (1),accessories,sunglasses,acetate|uv|black,Ray-Ban,171.96,196.29,12,4.8,16297,47,https://picsum.photos/seed/ray-ban-sunglasses-770/800/1000,5,True,,Pink|Green
771,Bose QuietComfort Ultra - White (4),accessories,headphones,anc|comfort|white,Bose,463.11,503.23,8,4.0,12651,302,https://picsum.photos/seed/bose-headphones-771/800/1000,2,True,,Navy|Blue|Brown
772,Oakley Holbrook Prizm - Grey (3),accessories,sunglasses,prizm|sport|grey,Oakley,189.57,237.02,20,4.4,2126,393,https://picsum.photos/seed/oakley-sunglasses-772/800/1000,3,True,,Navy|Green
773,Carter's 2-Piece Pajama Set - Black (1),kids,sleepwear,pajamas|soft|black,Carter's,25.36,31.55,20,4.3,15174,349,https://picsum.photos/seed/carter's-sleepwear-773/800/1000,2,True,12C|13C|1Y,Blue|Beige|Brown
774,Levi's Ribcage Straight Ankle - Black (4),women,jeans,denim|high rise|black,Levi's,110.06,144.03,24,3.9,3036,278,https://picsum.photos/seed/levi's-jeans-774/800/1000,4,False,XL|XS|S|M|L|XXL,Blue|Navy|Grey
775,Garmin Forerunner 265 - Blue (2),accessories,watches,gps|running|blue,Garmin,469.74,503.55,7,4.3,16406,302,https://picsum.photos/seed/garmin-watches-775/800/1000,5,True,,Beige|Navy
776,Nike Air Force 1 '07 - White (2),footwear,sneakers,sneakers|leather|heritage|white,Nike,113.45,132.91,15,4.4,2039,408,https://picsum.photos/seed/nike-sneakers-776/800/1000,3,True,7|6|10|11|8,Red
777,Hoka Clifton 9 - Red (3),footwear,running,max cushion|running|red,Hoka,164.24,182.07,10,4.7,15965,330,https://picsum.photos/seed/hoka-running-777/800/1000,5,True,6|11|9|10|8|7|12,Purple|Navy
778,Madewell Transport Tote - Green (2),accessories,bags,tote|leather|green,Madewell,189.19,231.1,18,4.8,4993,208,https://picsum.photos/seed/madewell-bags-778/800/1000,4,True,,Olive|Beige|Purple
779,La Roche-Posay Anthelios SPF 60 - Purple (2),beauty,skincare,sunscreen|spf|purple,La Roche-Posay,34.74,41.59,16,5.0,1009,442,https://picsum.photos/seed/la-roche-posay-skincare-779/800/1000,5,True,,Olive|Green
780,Tumi Alpha 3 Expandable Brief - Navy (4),accessories,bags,brief|travel|navy,Tumi,520.44,668.72,22,4.8,9926,316,https://picsum.photos/seed/tumi-bags-780/800/1000,5,True,,Grey|Red|Purple
781,LEGO Classic Bricks and Wheels - Grey (2),kids,toys,lego|creative|grey,LEGO,30.98,39.05,21,4.6,11187,207,https://picsum.photos/seed/lego-toys-781/800/1000,3,True,1Y|11C,Brown
782,Kids Nike Team Hustle D 11 - Grey (4),kids,sneakers,kids|basketball|grey,Nike,78.01,83.49,7,4.4,15178,175,https://picsum.photos/seed/nike-sneakers-782/800/1000,6,True,12C|10C|1Y|13C|2Y,Grey
783,Arc'teryx Atom LT Hoody - Green (3),men,jackets,insulated|outdoor|green,Arc'teryx,293.39,361.31,19,4.3,12327,231,https://picsum.photos/seed/arc'teryx-jackets-783/800/1000,3,True,L|XS|XL|XXL,Brown|Red|Olive
784,Olaplex No.3 Hair Perfector - Blue (1),beauty,haircare,bond repair|hair|blue,Olaplex,30.43,35.69,15,4.5,1390,184,https://picsum.photos/seed/olaplex-haircare-784/800/1000,4,True,,Pink|Grey|Red
785,Anker 737 Power Bank - Navy (3),accessories,gadgets,power bank|usb-c|navy,Anker,141.58,189.78,25,4.0,9434,70,https://picsum.photos/seed/anker-gadgets-785/800/1000,6,True,,Olive
786,Vuori Halo Performance Hoodie - Green (4),women,hoodies,athleisure|soft|green,Vuori,105.31,112.71,7,4.2,11307,314,https://picsum.photos/seed/vuori-hoodies-786/800/1000,3,False,L|S|XS|M|XL,Navy|Olive|Green
787,Dyson Supersonic Hair Dryer - Black (2),beauty,haircare,hair dryer|premium|black,Dyson,427.45,570.03,25,4.0,13049,241,https://picsum.photos/seed/dyson-haircare-787/800/1000,5,True,,Olive|Pink
788,Reformation Nikita Dress - Green (1),women,dresses,sustainable|summer|green,Reformation,267.43,305.54,12,4.0,13153,221,https://picsum.photos/seed/reformation-dresses-788/800/1000,3,True,XS|XXL|L|XL|M,White|Purple
789,Adidas Ultraboost Light - Navy (2),footwear,running,running|boost|performance|navy,Adidas,201.29,267.75,25,4.4,2442,266,https://picsum.photos/seed/adidas-running-789/800/1000,3,False,12|6|7,Olive
790,Lululemon ABC Slim-Fit Pant - Red (3),men,pants,commuter|stretch|red,Lululemon,116.85,128.82,9,4.5,2115,229,https://picsum.photos/seed/lululemon-pants-790/800/1000,2,True,L|XL|XXL|S|XS,Beige|Olive
791,Bellroy Slim Sleeve Wallet - Grey (2),accessories,wallets,leather|rfid|grey,Bellroy,71.63,91.0,21,4.0,8521,132,https://picsum.photos/seed/bellroy-wallets-791/800/1000,4,True,,White|Purple
792,COS Relaxed Linen Shirt - Olive (1),men,shirts,linen|summer|olive,COS,101.91,134.57,24,4.2,6579,110,https://picsum.photos/seed/cos-shirts-792/800/1000,5,True,XS|M|XXL|S|XL|L,Red|Olive
793,Herschel Little America Backpack - Red (4),accessories,bags,backpack|travel|red,Herschel,136.71,164.87,17,5.0,840,344,https://picsum.photos/seed/herschel-bags-793/800/1000,4,True,,Pink|Brown|Red
794,Athleta Salutation Stash 7/8 Tight - Blue (1),women,activewear,leggings|performance|blue,Athleta,93.81,103.36,9,4.3,17415,326,https://picsum.photos/seed/athleta-activewear-794/800/1000,4,False,XL|XS|M|S|L,Olive|White|Brown
795,Timberland 6-Inch Premium - Brown (3),footwear,boots,boots|waterproof|brown,Timberland,192.87,240.78,20,4.1,3921,260,https://picsum.photos/seed/timberland-boots-795/800/1000,4,True,8|6|9|7|11,Purple
796,Carter's 2-Piece Pajama Set - Purple (4),kids,sleepwear,pajamas|soft|purple,Carter's,24.77,31.74,22,4.7,4586,56,https://picsum.photos/seed/carter's-sleepwear-796/800/1000,5,True,13C|2Y|1Y|3Y|11C,Pink|Purple|Grey
797,Olaplex No.3 Hair Perfector - Brown (1),beauty,haircare,bond repair|hair|brown,Olaplex,27.0,33.87,20,4.8,7014,75,https://picsum.photos/seed/olaplex-haircare-797/800/1000,3,False,,Red
798,Reformation Nikita Dress - Brown (1),women,dresses,sustainable|summer|brown,Reformation,247.93,293.46,16,4.7,16221,164,https://picsum.photos/seed/reformation-dresses-798/800/1000,5,False,L|XL|XXL|M,White|Grey|Blue
799,Madewell Transport Tote - Purple (4),accessories,bags,tote|leather|purple,Madewell,177.0,223.78,21,4.4,13691,128,https://picsum.photos/seed/madewell-bags-799/800/1000,6,False,,Beige|Green|Blue
800,Gap Kids Graphic Tee - Green (3),kids,t-shirts,cotton|graphic|green,Gap,18.46,21.01,12,3.9,10187,105,https://picsum.photos/seed/gap-t-shirts-800/800/1000,4,True,3Y|1Y,White
801,Levi's Ribcage Straight Ankle - Pink (2),women,jeans,denim|high rise|pink,Levi's,101.71,118.01,14,4.7,6200,177,https://picsum.photos/seed/levi's-jeans-801/800/1000,3,True,XS|L|XXL|XL,Black
802,Reformation Nikita Dress - Red (3),women,dresses,sustainable|summer|red,Reformation,273.93,361.36,24,4.9,13012,271,https://picsum.photos/seed/reformation-dresses-802/800/1000,4,True,XS|L|S|XL,Purple|Pink|Navy
803,Hoka Clifton 9 - Beige (4),footwear,running,max cushion|running|beige,Hoka,148.23,179.69,18,4.6,17785,474,https://picsum.photos/seed/hoka-running-803/800/1000,4,True,9|6|8|12|11|7,Black|Olive
804,Bose QuietComfort Ultra - Beige (2),accessories,headphones,anc|comfort|beige,Bose,415.6,487.49,15,4.3,6329,480,https://picsum.photos/seed/bose-headphones-804/800/1000,5,True,,Purple|Navy|Grey
805,COS Relaxed Linen Shirt - Blue (3),men,shirts,linen|summer|blue,COS,98.92,106.8,7,4.3,5983,111,https://picsum.photos/seed/cos-shirts-805/800/1000,4,True,S|XL|XXL|M|L|XS,Beige
806,Carter's 2-Piece Pajama Set - Purple (1),kids,sleepwear,pajamas|soft|purple,Carter's,26.58,33.42,20,4.9,9001,191,https://picsum.photos/seed/carter's-sleepwear-806/800/1000,5,True,1Y|13C|3Y|11C,Blue|Navy
807,Anker 737 Power Bank - Navy (3),accessories,gadgets,power bank|usb-c|navy,Anker,150.35,167.4,10,4.3,2576,15,https://picsum.photos/seed/anker-gadgets-807/800/1000,6,False,,Blue|Pink
808,COS Relaxed Linen Shirt - Grey (4),men,shirts,linen|summer|grey,COS,94.39,118.43,20,3.8,2710,223,https://picsum.photos/seed/cos-shirts-808/800/1000,2,True,S|XS|XL,Black
809,Garmin Forerunner 265 - Pink (1),accessories,watches,gps|running|pink,Garmin,471.51,591.34,20,4.2,13316,489,https://picsum.photos/seed/garmin-watches-809/800/1000,4,True,,Green|Olive
810,Aritzia Super Puff - Navy (2),women,jackets,puffer|winter|navy,Aritzia,246.75,306.49,19,4.4,10324,49,https://picsum.photos/seed/aritzia-jackets-810/800/1000,5,True,XXL|XS|M,Black
811,LEGO Classic Bricks and Wheels - White (3),kids,toys,lego|creative|white,LEGO,32.29,37.02,13,5.0,202,101,https://picsum.photos/seed/lego-toys-811/800/1000,3,True,11C|3Y|12C|13C|2Y|10C,Green|Blue
812,Athleta Salutation Stash 7/8 Tight - Brown (1),women,activewear,leggings|performance|brown,Athleta,103.12,136.83,25,4.0,13689,24,https://picsum.photos/seed/athleta-activewear-812/800/1000,5,False,XS|XL|L,White
813,Dyson Supersonic Hair Dryer - Red (3),beauty,haircare,hair dryer|premium|red,Dyson,422.54,506.78,17,3.9,12827,385,https://picsum.photos/seed/dyson-haircare-813/800/1000,3,True,,Beige|Green
814,Sony WH-1000XM5 - White (2),accessories,headphones,anc|wireless|white,Sony,393.18,458.42,14,4.6,11423,124,https://picsum.photos/seed/sony-headphones-814/800/1000,6,True,,Pink|Purple
815,Sony WH-1000XM5 - Navy (4),accessories,headphones,anc|wireless|navy,Sony,361.52,486.85,26,4.2,3175,39,https://picsum.photos/seed/sony-headphones-815/800/1000,2,True,,Green|Beige
816,New Balance 990v6 - Beige (2),footwear,running,running|made in usa|suede|beige,New Balance,226.33,251.89,10,4.6,13607,381,https://picsum.photos/seed/new-balance-running-816/800/1000,4,True,9|12|6|10|7|8,Black|White|Blue
817,COS Relaxed Linen Shirt - Black (3),men,shirts,linen|summer|black,COS,93.64,112.1,16,4.1,9933,292,https://picsum.photos/seed/cos-shirts-817/800/1000,3,True,L|XS|M|S|XXL,Olive|Grey|White
818,Kids Nike Team Hustle D 11 - Brown (4),kids,sneakers,kids|basketball|brown,Nike,68.71,74.0,7,4.7,7866,299,https://picsum.photos/seed/nike-sneakers-818/800/1000,5,False,3Y|2Y|12C,Grey
819,Carter's 2-Piece Pajama Set - Olive (3),kids,sleepwear,pajamas|soft|olive,Carter's,24.89,27.04,8,4.1,8710,106,https://picsum.photos/seed/carter's-sleepwear-819/800/1000,3,False,11C|3Y|2Y|1Y|10C|13C,Beige|Blue|Grey
820,Olaplex No.3 Hair Perfector - Olive (2),beauty,haircare,bond repair|hair|olive,Olaplex,27.77,34.53,20,4.5,11686,52,https://picsum.photos/seed/olaplex-haircare-820/800/1000,2,True,,Blue|Navy
821,Oakley Holbrook Prizm - Blue (1),accessories,sunglasses,prizm|sport|blue,Oakley,178.96,219.34,18,5.0,12998,219,https://picsum.photos/seed/oakley-sunglasses-821/800/1000,3,True,,Pink|Red|Brown
822,Lululemon ABC Slim-Fit Pant - White (3),men,pants,commuter|stretch|white,Lululemon,123.72,137.0,10,4.1,10720,162,https://picsum.photos/seed/lululemon-pants-822/800/1000,6,True,XL|S|XS|L|XXL,Olive
823,CeraVe Hydrating Facial Cleanser - Black (3),beauty,skincare,cleanser|ceramides|black,CeraVe,15.08,18.01,16,4.1,12465,165,https://picsum.photos/seed/cerave-skincare-823/800/1000,4,False,,Navy|Green
824,COS Relaxed Linen Shirt - Brown (2),men,shirts,linen|summer|brown,COS,81.71,96.54,15,4.5,11433,212,https://picsum.photos/seed/cos-shirts-824/800/1000,3,False,M|XS|S|XXL|XL|L,White|Olive|Grey
825,Lululemon ABC Slim-Fit Pant - Olive (4),men,pants,commuter|stretch|olive,Lululemon,133.69,157.93,15,4.6,14114,350,https://picsum.photos/seed/lululemon-pants-825/800/1000,5,True,S|L|M|XL,Red|Purple
826,Kids Nike Team Hustle D 11 - Brown (4),kids,sneakers,kids|basketball|brown,Nike,79.82,106.87,25,4.1,434,282,https://picsum.photos/seed/nike-sneakers-826/800/1000,3,True,10C|1Y|2Y|11C|12C,Black
827,Carter's 2-Piece Pajama Set - Pink (4),kids,sleepwear,pajamas|soft|pink,Carter's,24.51,27.48,11,4.1,16809,30,https://picsum.photos/seed/carter's-sleepwear-827/800/1000,2,True,12C|1Y,Purple
828,Carter's 2-Piece Pajama Set - Pink (1),kids,sleepwear,pajamas|soft|pink,Carter's,24.75,28.94,14,3.9,1342,66,https://picsum.photos/seed/carter's-sleepwear-828/800/1000,2,False,11C|1Y,Red|Pink|Beige
829,Timberland 6-Inch Premium - Red (4),footwear,boots,boots|waterproof|red,Timberland,225.88,286.41,21,4.4,8328,271,https://picsum.photos/seed/timberland-boots-829/800/1000,5,True,11|8|9|7,White|Grey|Blue
830,Garmin Forerunner 265 - Beige (2),accessories,watches,gps|running|beige,Garmin,432.25,484.09,11,4.1,6586,460,https://picsum.photos/seed/garmin-watches-830/800/1000,5,False,,Black|Purple
831,Gap Kids Graphic Tee - Beige (4),kids,t-shirts,cotton|graphic|beige,Gap,18.98,20.42,7,5.0,7971,133,https://picsum.photos/seed/gap-t-shirts-831/800/1000,6,True,12C|10C|3Y|11C|1Y,Pink|Beige|White
832,Kindle Paperwhite 11th Gen - Olive (1),accessories,ereader,ereader|waterproof|olive,Amazon,156.15,190.81,18,4.9,6012,96,https://picsum.photos/seed/amazon-ereader-832/800/1000,3,True,,Navy|Olive|Beige
833,Nike Dri-FIT Challenger Shorts - Black (2),men,shorts,running|lightweight|black,Nike,45.32,53.64,16,4.7,10614,480,https://picsum.photos/seed/nike-shorts-833/800/1000,3,False,XS|M|S|XXL,Red
834,Carter's 2-Piece Pajama Set - Navy (4),kids,sleepwear,pajamas|soft|navy,Carter's,21.78,27.51,21,4.6,17333,195,https://picsum.photos/seed/carter's-sleepwear-834/800/1000,5,True,10C|13C|11C|3Y|2Y|1Y|12C,Beige|Red|Green
835,Dyson Supersonic Hair Dryer - Brown (3),beauty,haircare,hair dryer|premium|brown,Dyson,472.05,530.27,11,4.2,16187,121,https://picsum.photos/seed/dyson-haircare-835/800/1000,3,True,,Green|Grey
836,Carhartt WIP Chase Hoodie - Blue (4),men,hoodies,fleece|street|blue,Carhartt WIP,88.08,103.61,15,4.8,16900,155,https://picsum.photos/seed/carhartt-wip-hoodies-836/800/1000,6,False,XXL|M|S|XS,Grey
837,Kindle Paperwhite 11th Gen - Red (2),accessories,ereader,ereader|waterproof|red,Amazon,150.49,170.48,12,4.5,2969,307,https://picsum.photos/seed/amazon-ereader-837/800/1000,6,False,,Red|Brown|Black
838,Levi's 501 Original Fit Jeans - Olive (3),men,jeans,denim|heritage|olive,Levi's,96.53,115.29,16,4.5,16816,292,https://picsum.photos/seed/levi's-jeans-838/800/1000,3,False,M|XXL|XL,Olive|White
839,Olaplex No.3 Hair Perfector - White (1),beauty,haircare,bond repair|hair|white,Olaplex,28.87,34.4,16,4.1,13871,438,https://picsum.photos/seed/olaplex-haircare-839/800/1000,2,True,,Olive|Green
840,Timberland 6-Inch Premium - Purple (1),footwear,boots,boots|waterproof|purple,Timberland,194.01,249.2,22,4.8,12033,285,https://picsum.photos/seed/timberland-boots-840/800/1000,4,False,9|7|10|6|11,Blue|White|Red
841,New Balance 990v6 - Blue (1),footwear,running,running|made in usa|suede|blue,New Balance,202.29,233.54,13,4.3,4842,5,https://picsum.photos/seed/new-balance-running-841/800/1000,3,True,9|8|10|6|11|12,Pink
842,Fenty Beauty Gloss Bomb - Red (2),beauty,makeup,lip gloss|shine|red,Fenty Beauty,19.37,25.88,25,3.8,14841,433,https://picsum.photos/seed/fenty-beauty-makeup-842/800/1000,4,True,,Red|Brown
843,Uniqlo U Crew Neck T-Shirt - Red (1),men,t-shirts,basics|cotton|red,Uniqlo,17.16,18.04,5,4.0,11964,233,https://picsum.photos/seed/uniqlo-t-shirts-843/800/1000,2,False,S|XL|XXL,Red|Brown
844,Herschel Little America Backpack - Brown (3),accessories,bags,backpack|travel|brown,Herschel,108.51,119.5,9,4.5,12993,429,https://picsum.photos/seed/herschel-bags-844/800/1000,4,True,,Brown|Pink
845,Nike Dri-FIT Challenger Shorts - Black (3),men,shorts,running|lightweight|black,Nike,43.94,57.61,24,4.3,13123,427,https://picsum.photos/seed/nike-shorts-845/800/1000,3,True,M|L|XS,Red|Olive
846,Anker 737 Power Bank - Blue (3),accessories,gadgets,power bank|usb-c|blue,Anker,168.48,206.86,19,4.7,13626,234,https://picsum.photos/seed/anker-gadgets-846/800/1000,4,True,,Black
847,Olaplex No.3 Hair Perfector - Navy (2),beauty,haircare,bond repair|hair|navy,Olaplex,30.59,40.45,24,3.9,15191,487,https://picsum.photos/seed/olaplex-haircare-847/800/1000,2,True,,Pink
848,Kiehl's Ultra Facial Cream - Navy (3),beauty,moisturizer,moisturizer|hydrating|navy,Kiehl's,36.44,45.99,21,4.3,11379,250,https://picsum.photos/seed/kiehl's-moisturizer-848/800/1000,5,True,,White|Navy|Brown
849,Olaplex No.3 Hair Perfector - White (3),beauty,haircare,bond repair|hair|white,Olaplex,28.56,32.97,13,4.5,14585,324,https://picsum.photos/seed/olaplex-haircare-849/800/1000,2,True,,Navy|Grey|Black
850,Allbirds Wool Runner - Black (2),footwear,sneakers,merino|sustainable|black,Allbirds,126.03,168.81,25,4.0,16911,1,https://picsum.photos/seed/allbirds-sneakers-850/800/1000,2,True,8|11|6|9|12|7,Olive
851,Levi's Ribcage Straight Ankle - Brown (1),women,jeans,denim|high rise|brown,Levi's,123.45,151.74,19,4.6,8222,300,https://picsum.photos/seed/levi's-jeans-851/800/1000,5,False,XL|S|M|L|XXL|XS,Blue|Beige
852,Skip Hop Diaper Backpack - Brown (3),kids,bags,parents|diaper|brown,Skip Hop,72.75,94.15,23,3.9,1841,322,https://picsum.photos/seed/skip-hop-bags-852/800/1000,2,False,1Y|3Y|2Y|13C|10C|11C,Grey|Red|White
853,Patagonia Better Sweater Fleece - Navy (3),women,sweaters,fleece|outdoor|navy,Patagonia,159.74,171.53,7,3.9,9116,500,https://picsum.photos/seed/patagonia-sweaters-853/800/1000,3,True,XXL|M|L|XL,Purple|Olive|Pink
854,Tumi Alpha 3 Expandable Brief - Blue (2),accessories,bags,brief|travel|blue,Tumi,469.67,617.19,24,4.2,8959,101,https://picsum.photos/seed/tumi-bags-854/800/1000,2,True,,Olive|White
855,Allbirds Wool Runner - Olive (4),footwear,sneakers,merino|sustainable|olive,Allbirds,110.72,148.7,26,3.9,17317,405,https://picsum.photos/seed/allbirds-sneakers-855/800/1000,6,False,10|6|8|11,Blue|Green|Black
856,New Balance 990v6 - White (2),footwear,running,running|made in usa|suede|white,New Balance,195.58,243.93,20,3.9,8153,194,https://picsum.photos/seed/new-balance-running-856/800/1000,3,False,9|6|11|12,Blue|Grey
857,Casio G-Shock DW5600 - Navy (2),accessories,watches,shock resistant|digital|navy,Casio,91.99,101.92,10,4.2,9260,70,https://picsum.photos/seed/casio-watches-857/800/1000,4,True,,Brown|Purple
858,Allbirds Wool Runner - Blue (4),footwear,sneakers,merino|sustainable|blue,Allbirds,113.49,144.08,21,3.9,14699,127,https://picsum.photos/seed/allbirds-sneakers-858/800/1000,5,True,8|12|9|10,Navy|Blue|Grey
859,Kiehl's Ultra Facial Cream - Purple (1),beauty,moisturizer,moisturizer|hydrating|purple,Kiehl's,43.39,56.35,23,4.6,2888,359,https://picsum.photos/seed/kiehl's-moisturizer-859/800/1000,6,True,,Pink|Olive
860,Hoka Clifton 9 - Green (2),footwear,running,max cushion|running|green,Hoka,149.8,200.04,25,4.1,7874,392,https://picsum.photos/seed/hoka-running-860/800/1000,6,True,10|9|6|7|11|8|12,Green|Purple
861,Sony WH-1000XM5 - Navy (4),accessories,headphones,anc|wireless|navy,Sony,383.72,434.77,12,3.9,11173,352,https://picsum.photos/seed/sony-headphones-861/800/1000,2,True,,Beige|Grey|Brown
862,New Balance 990v6 - Green (1),footwear,running,running|made in usa|suede|green,New Balance,209.52,259.58,19,3.9,13078,251,https://picsum.photos/seed/new-balance-running-862/800/1000,4,False,12|10|8|9|7,Olive
863,Dr. Martens 1460 Smooth - Pink (3),footwear,boots,boots|leather|pink,Dr. Martens,190.86,203.97,6,4.2,2578,93,https://picsum.photos/seed/dr.-martens-boots-863/800/1000,6,False,6|10|12|11|9|8|7,Red|Black|Beige
864,Casio G-Shock DW5600 - Purple (3),accessories,watches,shock resistant|digital|purple,Casio,93.54,124.23,25,4.1,14358,319,https://picsum.photos/seed/casio-watches-864/800/1000,2,False,,Green
865,Vuori Halo Performance Hoodie - Brown (1),women,hoodies,athleisure|soft|brown,Vuori,110.65,118.62,7,4.5,6968,52,https://picsum.photos/seed/vuori-hoodies-865/800/1000,6,False,S|XXL|XL|L,Beige|Purple|Blue
866,Carhartt WIP Chase Hoodie - Red (3),men,hoodies,fleece|street|red,Carhartt WIP,86.21,106.72,19,4.2,17221,31,https://picsum.photos/seed/carhartt-wip-hoodies-866/800/1000,4,True,XL|XS|L|S|XXL,Navy|Olive
867,Bose QuietComfort Ultra - Olive (4),accessories,headphones,anc|comfort|olive,Bose,424.24,472.31,10,4.8,11044,3,https://picsum.photos/seed/bose-headphones-867/800/1000,5,True,,White|Purple
868,Olaplex No.3 Hair Perfector - Red (2),beauty,haircare,bond repair|hair|red,Olaplex,34.28,42.53,19,4.9,3384,150,https://picsum.photos/seed/olaplex-haircare-868/800/1000,2,False,,Black|Olive|Pink
869,Adidas Ultraboost Light - Black (4),footwear,running,running|boost|performance|black,Adidas,191.11,247.25,23,5.0,9869,411,https://picsum.photos/seed/adidas-running-869/800/1000,6,False,9|10|8|6|12|7|11,Grey|Navy
870,Sony WH-1000XM5 - Pink (1),accessories,headphones,anc|wireless|pink,Sony,393.75,507.6,22,4.4,13371,35,https://picsum.photos/seed/sony-headphones-870/800/1000,2,True,,Pink|Blue|White
871,Converse Chuck 70 High - Black (3),footwear,sneakers,canvas|lifestyle|black,Converse,89.15,108.9,18,4.5,12986,73,https://picsum.photos/seed/converse-sneakers-871/800/1000,4,True,10|7|12|11,Beige|Green|Red
872,Aritzia Super Puff - Purple (4),women,jackets,puffer|winter|purple,Aritzia,285.97,345.12,17,4.8,9316,72,https://picsum.photos/seed/aritzia-jackets-872/800/1000,6,True,XXL|M|XS|S,Purple|Olive|Brown
873,COS Relaxed Linen Shirt - Brown (3),men,shirts,linen|summer|brown,COS,90.75,112.06,19,3.9,1703,201,https://picsum.photos/seed/cos-shirts-873/800/1000,2,True,S|L|M|XL|XS|XXL,Navy
874,Nike Dri-FIT Challenger Shorts - Red (1),men,shorts,running|lightweight|red,Nike,41.63,47.76,13,4.6,9209,101,https://picsum.photos/seed/nike-shorts-874/800/1000,3,False,M|XL|L,Beige|Pink
875,Herschel Little America Backpack - Pink (2),accessories,bags,backpack|travel|pink,Herschel,127.86,169.69,25,4.6,15749,162,https://picsum.photos/seed/herschel-bags-875/800/1000,5,True,,Black|Pink|White
876,Levi's Ribcage Straight Ankle - Blue (4),women,jeans,denim|high rise|blue,Levi's,99.48,119.45,17,4.9,13155,401,https://picsum.photos/seed/levi's-jeans-876/800/1000,2,True,XS|XXL|M,Olive|Purple|Black
877,Casio G-Shock DW5600 - Navy (4),accessories,watches,shock resistant|digital|navy,Casio,98.39,129.03,24,3.9,14405,172,https://picsum.photos/seed/casio-watches-877/800/1000,4,False,,Blue|Brown|Olive
878,Casio G-Shock DW5600 - Blue (1),accessories,watches,shock resistant|digital|blue,Casio,110.34,145.8,24,3.9,16769,285,https://picsum.photos/seed/casio-watches-878/800/1000,4,True,,Green|Black
879,Allbirds Wool Runner - White (2),footwear,sneakers,merino|sustainable|white,Allbirds,100.37,118.26,15,4.7,10636,45,https://picsum.photos/seed/allbirds-sneakers-879/800/1000,2,False,7|9|11|8|12|6,Blue
880,New Balance 990v6 - Blue (1),footwear,running,running|made in usa|suede|blue,New Balance,185.54,237.93,22,4.5,16292,243,https://picsum.photos/seed/new-balance-running-880/800/1000,4,False,7|9|10|8|11,Navy|Grey
881,Timberland 6-Inch Premium - Navy (2),footwear,boots,boots|waterproof|navy,Timberland,199.62,234.12,15,4.9,1782,304,https://picsum.photos/seed/timberland-boots-881/800/1000,5,False,6|10|9,Blue|White|Purple
882,Lululemon ABC Slim-Fit Pant - Beige (2),men,pants,commuter|stretch|beige,Lululemon,133.68,180.18,26,4.2,10025,214,https://picsum.photos/seed/lululemon-pants-882/800/1000,4,True,L|XXL|M|XL|XS|S,Beige
883,Anker 737 Power Bank - Navy (1),accessories,gadgets,power bank|usb-c|navy,Anker,140.75,157.0,10,3.8,4037,56,https://picsum.photos/seed/anker-gadgets-883/800/1000,2,True,,Red|Brown
884,Fenty Beauty Gloss Bomb - Beige (2),beauty,makeup,lip gloss|shine|beige,Fenty Beauty,19.12,25.15,24,4.1,6612,142,https://picsum.photos/seed/fenty-beauty-makeup-884/800/1000,3,True,,Black|Beige
885,Carter's 2-Piece Pajama Set - Pink (1),kids,sleepwear,pajamas|soft|pink,Carter's,25.25,33.85,25,4.9,1436,129,https://picsum.photos/seed/carter's-sleepwear-885/800/1000,4,True,3Y|10C,Green|Olive|White
886,Nike Dri-FIT Challenger Shorts - Black (4),men,shorts,running|lightweight|black,Nike,45.09,48.25,7,3.9,15503,403,https://picsum.photos/seed/nike-shorts-886/800/1000,2,True,M|XXL|S|XS|XL,Beige
887,Levi's Ribcage Straight Ankle - Grey (2),women,jeans,denim|high rise|grey,Levi's,113.66,148.03,23,4.6,9845,120,https://picsum.photos/seed/levi's-jeans-887/800/1000,3,False,XXL|M|XS|XL|L|S,Olive|Purple
888,Vuori Halo Performance Hoodie - Purple (2),women,hoodies,athleisure|soft|purple,Vuori,99.21,106.61,7,4.6,17445,19,https://picsum.photos/seed/vuori-hoodies-888/800/1000,5,True,XS|S|XL|L|M,Green|Red|Blue
889,Levi's Ribcage Straight Ankle - Navy (3),women,jeans,denim|high rise|navy,Levi's,111.81,118.38,6,4.9,17908,158,https://picsum.photos/seed/levi's-jeans-889/800/1000,6,True,XXL|S|XL|XS,Pink|Beige|Red
890,Nike Air Force 1 '07 - Grey (3),footwear,sneakers,sneakers|leather|heritage|grey,Nike,109.42,143.32,24,3.8,7627,44,https://picsum.photos/seed/nike-sneakers-890/800/1000,5,True,12|8|11|10|7|6|9,Olive
891,Herschel Little America Backpack - Olive (2),accessories,bags,backpack|travel|olive,Herschel,112.3,134.43,16,4.5,15400,181,https://picsum.photos/seed/herschel-bags-891/800/1000,2,True,,Black|Olive
892,Nike Air Force 1 '07 - Navy (1),footwear,sneakers,sneakers|leather|heritage|navy,Nike,124.33,150.04,17,4.5,7976,308,https://picsum.photos/seed/nike-sneakers-892/800/1000,3,False,7|6|9|8|10,Red|Brown|Pink
893,Nike Dri-FIT Challenger Shorts - Brown (2),men,shorts,running|lightweight|brown,Nike,43.56,52.39,17,4.6,9723,280,https://picsum.photos/seed/nike-shorts-893/800/1000,3,True,L|S|XL,Grey
894,Gap Kids Graphic Tee - Beige (4),kids,t-shirts,cotton|graphic|beige,Gap,18.22,22.71,20,3.9,6775,152,https://picsum.photos/seed/gap-t-shirts-894/800/1000,4,True,11C|12C|2Y|13C,Red|Blue
895,The Ordinary Niacinamide 10% + Zinc 1% - Brown (4),beauty,serum,niacinamide|oil control|brown,The Ordinary,13.12,15.09,13,4.9,1323,227,https://picsum.photos/seed/the-ordinary-serum-895/800/1000,4,True,,White
896,Kindle Paperwhite 11th Gen - Brown (2),accessories,ereader,ereader|waterproof|brown,Amazon,153.82,183.62,16,4.4,5508,21,https://picsum.photos/seed/amazon-ereader-896/800/1000,6,True,,Pink|Brown|Beige
897,Sephora Collection Cream Lip Stain - Olive (2),beauty,makeup,lip|matte|olive,Sephora Collection,16.6,21.01,21,4.2,10537,422,https://picsum.photos/seed/sephora-collection-makeup-897/800/1000,5,True,,Purple|Navy
898,Hoka Clifton 9 - Red (2),footwear,running,max cushion|running|red,Hoka,165.06,216.19,24,3.9,3512,1,https://picsum.photos/seed/hoka-running-898/800/1000,5,True,11|10|7|8|12,White|Brown|Navy
899,Rains Long Jacket - Red (2),men,jackets,rain|lightweight|red,Rains,125.15,141.12,11,4.0,5208,290,https://picsum.photos/seed/rains-jackets-899/800/1000,5,False,XS|M|XL|XXL|S|L,Black|Red
900,Sephora Collection Cream Lip Stain - Black (2),beauty,makeup,lip|matte|black,Sephora Collection,13.88,16.51,16,4.5,8078,375,https://picsum.photos/seed/sephora-collection-makeup-900/800/1000,6,True,,Red|White
901,Bellroy Slim Sleeve Wallet - Blue (1),accessories,wallets,leather|rfid|blue,Bellroy,71.22,92.29,23,3.9,8036,287,https://picsum.photos/seed/bellroy-wallets-901/800/1000,2,True,,Beige|Grey|Pink
902,Herschel Little America Backpack - Grey (4),accessories,bags,backpack|travel|grey,Herschel,118.25,153.83,23,4.1,4548,321,https://picsum.photos/seed/herschel-bags-902/800/1000,2,False,,Grey|Beige
903,Athleta Salutation Stash 7/8 Tight - Pink (4),women,activewear,leggings|performance|pink,Athleta,109.16,127.72,15,4.7,9929,67,https://picsum.photos/seed/athleta-activewear-903/800/1000,6,True,S|XL|L|XXL|M,Black|Brown|Olive
904,Fenty Beauty Gloss Bomb - Red (4),beauty,makeup,lip gloss|shine|red,Fenty Beauty,22.96,26.96,15,4.2,3831,94,https://picsum.photos/seed/fenty-beauty-makeup-904/800/1000,4,False,,Olive
905,Adidas Originals Stan Smith Kids - White (1),kids,sneakers,kids|sneakers|white,Adidas,63.94,80.53,21,4.7,8733,52,https://picsum.photos/seed/adidas-sneakers-905/800/1000,2,True,10C|1Y|13C,Brown|Pink|Beige
906,Oakley Holbrook Prizm - White (3),accessories,sunglasses,prizm|sport|white,Oakley,170.33,229.77,26,4.5,17576,134,https://picsum.photos/seed/oakley-sunglasses-906/800/1000,4,True,,White|Grey
907,Everlane Organic Cotton Box-Cut Tee - Pink (3),women,tops,basics|cotton|pink,Everlane,30.31,40.84,26,4.3,8132,135,https://picsum.photos/seed/everlane-tops-907/800/1000,4,False,XS|XXL|S|XL|L,Pink|Red
908,Garmin Forerunner 265 - Purple (3),accessories,watches,gps|running|purple,Garmin,510.29,547.6,7,4.3,13046,464,https://picsum.photos/seed/garmin-watches-908/800/1000,3,True,,Brown|Green
909,Fenty Beauty Gloss Bomb - Olive (1),beauty,makeup,lip gloss|shine|olive,Fenty Beauty,23.01,27.67,17,4.3,6176,443,https://picsum.photos/seed/fenty-beauty-makeup-909/800/1000,5,True,,White|Brown|Blue
910,Allbirds Wool Runner - Brown (2),footwear,sneakers,merino|sustainable|brown,Allbirds,99.64,108.29,8,5.0,13418,56,https://picsum.photos/seed/allbirds-sneakers-910/800/1000,3,True,8|9|6|7|10|11|12,Red
911,Uniqlo U Crew Neck T-Shirt - Pink (1),men,t-shirts,basics|cotton|pink,Uniqlo,18.57,20.91,11,4.4,14339,324,https://picsum.photos/seed/uniqlo-t-shirts-911/800/1000,2,True,XXL|XL|M|XS|L,Purple|Red
912,Ray-Ban Wayfarer Classic - Brown (2),accessories,sunglasses,acetate|uv|brown,Ray-Ban,175.86,190.02,7,4.5,5923,335,https://picsum.photos/seed/ray-ban-sunglasses-912/800/1000,3,True,,Green|Navy|Blue
913,Oakley Holbrook Prizm - Navy (1),accessories,sunglasses,prizm|sport|navy,Oakley,188.5,205.25,8,4.6,15030,449,https://picsum.photos/seed/oakley-sunglasses-913/800/1000,6,False,,Red|Beige
914,Levi's Ribcage Straight Ankle - Brown (4),women,jeans,denim|high rise|brown,Levi's,99.45,124.46,20,4.0,12670,415,https://picsum.photos/seed/levi's-jeans-914/800/1000,5,False,XS|XL|L|M|XXL,Grey|Black
915,New Balance 990v6 - Pink (3),footwear,running,running|made in usa|suede|pink,New Balance,191.78,231.05,17,4.0,5422,481,https://picsum.photos/seed/new-balance-running-915/800/1000,2,False,11|6|12|8|9|7,Blue|Brown|Purple
916,Everlane Organic Cotton Box-Cut Tee - Purple (2),women,tops,basics|cotton|purple,Everlane,31.04,36.23,14,3.9,532,194,https://picsum.photos/seed/everlane-tops-916/800/1000,6,False,XL|S|XXL|XS|M,Black
917,Converse Chuck 70 High - Black (1),footwear,sneakers,canvas|lifestyle|black,Converse,89.87,101.38,11,4.1,11198,54,https://picsum.photos/seed/converse-sneakers-917/800/1000,2,False,11|12|10|7,Olive|Brown
918,CeraVe Hydrating Facial Cleanser - Brown (4),beauty,skincare,cleanser|ceramides|brown,CeraVe,15.92,21.04,24,4.1,13736,415,https://picsum.photos/seed/cerave-skincare-918/800/1000,3,False,,Black|Blue|Beige
919,Adidas Ultraboost Light - Pink (2),footwear,running,running|boost|performance|pink,Adidas,201.09,232.6,14,4.0,8058,38,https://picsum.photos/seed/adidas-running-919/800/1000,5,False,10|12|9|11,White
920,Skip Hop Diaper Backpack - Olive (4),kids,bags,parents|diaper|olive,Skip Hop,78.77,88.81,11,4.5,7676,212,https://picsum.photos/seed/skip-hop-bags-920/800/1000,3,False,11C|3Y|10C|12C|2Y|13C,Red
921,Rains Long Jacket - Pink (4),men,jackets,rain|lightweight|pink,Rains,133.44,152.22,12,3.9,940,472,https://picsum.photos/seed/rains-jackets-921/800/1000,5,True,XL|L|XXL|M,Blue|Pink
922,Herschel Little America Backpack - Purple (4),accessories,bags,backpack|travel|purple,Herschel,128.7,172.18,25,4.9,4458,384,https://picsum.photos/seed/herschel-bags-922/800/1000,6,False,,Grey
923,Patagonia Better Sweater Fleece - Beige (1),women,sweaters,fleece|outdoor|beige,Patagonia,134.36,166.0,19,5.0,7059,53,https://picsum.photos/seed/patagonia-sweaters-923/800/1000,3,True,XL|S|L|M|XXL|XS,Red|Blue
924,Dr. Martens 1460 Smooth - Pink (3),footwear,boots,boots|leather|pink,Dr. Martens,153.24,204.91,25,4.7,14719,199,https://picsum.photos/seed/dr.-martens-boots-924/800/1000,4,False,8|7|12|10|11|6,Purple|Green
925,Timberland 6-Inch Premium - Brown (1),footwear,boots,boots|waterproof|brown,Timberland,208.75,236.07,12,4.1,6261,370,https://picsum.photos/seed/timberland-boots-925/800/1000,3,True,6|11|10|12|9|8|7,Blue
926,Kindle Paperwhite 11th Gen - Blue (3),accessories,ereader,ereader|waterproof|blue,Amazon,168.2,220.66,24,4.4,16391,467,https://picsum.photos/seed/amazon-ereader-926/800/1000,5,True,,Green
927,Adidas Ultraboost Light - Red (1),footwear,running,running|boost|performance|red,Adidas,196.5,209.29,6,4.4,8680,422,https://picsum.photos/seed/adidas-running-927/800/1000,6,True,6|7|10|9|8,Black
928,Patagonia Better Sweater Fleece - Olive (2),women,sweaters,fleece|outdoor|olive,Patagonia,134.73,177.62,24,3.9,5832,232,https://picsum.photos/seed/patagonia-sweaters-928/800/1000,2,True,S|XL|M|XS,Purple
929,Sephora Collection Cream Lip Stain - Olive (4),beauty,makeup,lip|matte|olive,Sephora Collection,14.26,15.1,6,4.7,10345,343,https://picsum.photos/seed/sephora-collection-makeup-929/800/1000,3,True,,Pink|Black
930,Carter's 2-Piece Pajama Set - Olive (2),kids,sleepwear,pajamas|soft|olive,Carter's,27.18,31.4,13,4.9,2361,205,https://picsum.photos/seed/carter's-sleepwear-930/800/1000,3,False,3Y|12C|1Y|10C,Olive|Brown
931,Olaplex No.3 Hair Perfector - Beige (1),beauty,haircare,bond repair|hair|beige,Olaplex,29.9,34.87,14,5.0,14801,34,https://picsum.photos/seed/olaplex-haircare-931/800/1000,6,True,,Pink
932,Adidas Originals Stan Smith Kids - Black (2),kids,sneakers,kids|sneakers|black,Adidas,65.65,71.68,8,4.5,17790,192,https://picsum.photos/seed/adidas-sneakers-932/800/1000,3,False,1Y|2Y|12C,Purple|Black|Pink
933,Madewell Transport Tote - Pink (1),accessories,bags,tote|leather|pink,Madewell,193.3,250.5,23,4.8,88,383,https://picsum.photos/seed/madewell-bags-933/800/1000,2,True,,Blue|Olive|Red
934,Reformation Nikita Dress - Navy (2),women,dresses,sustainable|summer|navy,Reformation,254.88,282.92,10,4.7,1590,445,https://picsum.photos/seed/reformation-dresses-934/800/1000,2,True,S|XL|L|XXL|XS|M,Olive|White|Beige
935,The North Face Nuptse Jacket - Green (4),women,jackets,down|outdoor|green,The North Face,306.45,383.11,20,4.6,16872,491,https://picsum.photos/seed/the-north-face-jackets-935/800/1000,6,True,L|XL|XXL|XS|S|M,Navy|Brown|Blue
936,Olaplex No.3 Hair Perfector - Grey (2),beauty,haircare,bond repair|hair|grey,Olaplex,31.01,35.37,12,4.3,9626,308,https://picsum.photos/seed/olaplex-haircare-936/800/1000,3,True,,Pink|White
937,Carhartt WIP Chase Hoodie - Blue (2),men,hoodies,fleece|street|blue,Carhartt WIP,81.71,101.74,20,4.9,6678,344,https://picsum.photos/seed/carhartt-wip-hoodies-937/800/1000,6,True,L|M|XS|S|XXL,Black
938,Skip Hop Diaper Backpack - Olive (3),kids,bags,parents|diaper|olive,Skip Hop,81.9,103.73,21,4.1,5480,388,https://picsum.photos/seed/skip-hop-bags-938/800/1000,4,True,2Y|12C,Olive|Black|Red
939,Madewell Transport Tote - Pink (3),accessories,bags,tote|leather|pink,Madewell,214.89,234.93,9,4.1,10817,198,https://picsum.photos/seed/madewell-bags-939/800/1000,4,False,,Brown
940,Apple Watch SE (2nd Gen) - Navy (3),accessories,watches,smartwatch|fitness|navy,Apple,275.47,311.31,12,3.8,4179,476,https://picsum.photos/seed/apple-watches-940/800/1000,2,True,,Brown
941,Reformation Nikita Dress - Pink (4),women,dresses,sustainable|summer|pink,Reformation,237.9,314.24,24,4.8,16198,103,https://picsum.photos/seed/reformation-dresses-941/800/1000,5,False,XS|L|M|XL|XXL|S,Red|Beige|Navy
942,Levi's 501 Original Fit Jeans - Green (1),men,jeans,denim|heritage|green,Levi's,111.51,134.84,17,4.7,1521,3,https://picsum.photos/seed/levi's-jeans-942/800/1000,6,False,S|M|XXL|XL,Brown|Grey|Red
943,Reformation Nikita Dress - Red (2),women,dresses,sustainable|summer|red,Reformation,223.65,246.03,9,5.0,12676,188,https://picsum.photos/seed/reformation-dresses-943/800/1000,4,True,M|S|L|XS,Green|White
944,Dr. Martens 1460 Smooth - Olive (4),footwear,boots,boots|leather|olive,Dr. Martens,192.11,212.65,10,4.3,5950,170,https://picsum.photos/seed/dr.-martens-boots-944/800/1000,6,False,6|7|11|10|9|12,Blue|Red|Brown
945,Lululemon ABC Slim-Fit Pant - Brown (3),men,pants,commuter|stretch|brown,Lululemon,134.13,155.68,14,4.2,13260,204,https://picsum.photos/seed/lululemon-pants-945/800/1000,6,True,XXL|XS|XL|M|S,Grey|Purple|Navy
946,Kindle Paperwhite 11th Gen - Beige (1),accessories,ereader,ereader|waterproof|beige,Amazon,138.9,165.27,16,4.2,5019,23,https://picsum.photos/seed/amazon-ereader-946/800/1000,2,True,,Brown|Grey
947,Levi's Ribcage Straight Ankle - White (4),women,jeans,denim|high rise|white,Levi's,107.21,123.89,13,4.7,4526,90,https://picsum.photos/seed/levi's-jeans-947/800/1000,3,True,S|L|XS|M|XXL,Black
948,Lululemon ABC Slim-Fit Pant - Purple (3),men,pants,commuter|stretch|purple,Lululemon,147.07,185.85,21,4.2,2052,92,https://picsum.photos/seed/lululemon-pants-948/800/1000,6,True,XXL|S|XS,Black
949,Sony WH-1000XM5 - Blue (1),accessories,headphones,anc|wireless|blue,Sony,393.87,464.17,15,4.8,964,206,https://picsum.photos/seed/sony-headphones-949/800/1000,6,False,,Blue
950,Herschel Little America Backpack - Brown (4),accessories,bags,backpack|travel|brown,Herschel,125.67,148.78,16,4.2,9309,182,https://picsum.photos/seed/herschel-bags-950/800/1000,6,True,,Grey|Green|Navy
951,Arc'teryx Atom LT Hoody - Navy (4),men,jackets,insulated|outdoor|navy,Arc'teryx,281.24,351.24,20,4.6,4107,142,https://picsum.photos/seed/arc'teryx-jackets-951/800/1000,6,True,S|XS|XXL|XL,Green
952,COS Relaxed Linen Shirt - Grey (4),men,shirts,linen|summer|grey,COS,99.21,122.67,19,4.8,8809,263,https://picsum.photos/seed/cos-shirts-952/800/1000,2,True,S|XXL|L|XL|M|XS,Blue|Grey|Olive
953,Arc'teryx Atom LT Hoody - Purple (1),men,jackets,insulated|outdoor|purple,Arc'teryx,301.21,361.76,17,4.2,17622,329,https://picsum.photos/seed/arc'teryx-jackets-953/800/1000,5,True,XL|L|S|XXL|XS|M,Black|Navy
954,Allbirds Wool Runner - Purple (2),footwear,sneakers,merino|sustainable|purple,Allbirds,121.7,143.83,15,4.7,10719,208,https://picsum.photos/seed/allbirds-sneakers-954/800/1000,4,True,9|6|8|10|12|7,Black|Beige
955,Reformation Nikita Dress - Pink (1),women,dresses,sustainable|summer|pink,Reformation,250.25,278.69,10,4.3,3057,464,https://picsum.photos/seed/reformation-dresses-955/800/1000,2,False,XXL|L|XS,White|Grey
956,Bose QuietComfort Ultra - Green (1),accessories,headphones,anc|comfort|green,Bose,391.46,457.17,14,4.3,7960,80,https://picsum.photos/seed/bose-headphones-956/800/1000,4,True,,White|Pink|Brown
957,Dyson Supersonic Hair Dryer - Black (4),beauty,haircare,hair dryer|premium|black,Dyson,432.58,544.84,21,4.7,12102,498,https://picsum.photos/seed/dyson-haircare-957/800/1000,5,True,,Purple|Red
958,Lululemon ABC Slim-Fit Pant - Navy (3),men,pants,commuter|stretch|navy,Lululemon,138.63,160.11,13,4.7,16123,45,https://picsum.photos/seed/lululemon-pants-958/800/1000,4,False,L|M|XS,White|Green|Purple
959,La Roche-Posay Anthelios SPF 60 - Blue (2),beauty,skincare,sunscreen|spf|blue,La Roche-Posay,38.64,42.59,9,3.9,15895,458,https://picsum.photos/seed/la-roche-posay-skincare-959/800/1000,4,True,,Navy
960,CeraVe Hydrating Facial Cleanser - Brown (4),beauty,skincare,cleanser|ceramides|brown,CeraVe,15.91,19.0,16,4.3,17986,75,https://picsum.photos/seed/cerave-skincare-960/800/1000,4,True,,Beige|Navy|Brown
961,Everlane Organic Cotton Box-Cut Tee - White (1),women,tops,basics|cotton|white,Everlane,32.12,38.48,17,4.0,5164,206,https://picsum.photos/seed/everlane-tops-961/800/1000,5,True,XS|XL|S|XXL,Blue|Grey
962,Bose QuietComfort Ultra - Green (1),accessories,headphones,anc|comfort|green,Bose,472.64,537.79,12,4.3,15963,130,https://picsum.photos/seed/bose-headphones-962/800/1000,5,True,,Green
963,The Ordinary Niacinamide 10% + Zinc 1% - Red (4),beauty,serum,niacinamide|oil control|red,The Ordinary,12.99,16.48,21,4.9,6827,20,https://picsum.photos/seed/the-ordinary-serum-963/800/1000,4,False,,Grey|Navy|Olive
964,Garmin Forerunner 265 - Pink (2),accessories,watches,gps|running|pink,Garmin,514.06,655.76,22,3.9,3456,381,https://picsum.photos/seed/garmin-watches-964/800/1000,4,True,,Olive|Red
965,Uniqlo U Crew Neck T-Shirt - Blue (4),men,t-shirts,basics|cotton|blue,Uniqlo,20.89,28.07,26,5.0,6620,211,https://picsum.photos/seed/uniqlo-t-shirts-965/800/1000,5,True,L|S|XL|XXL|M|XS,Purple
966,Kindle Paperwhite 11th Gen - Red (4),accessories,ereader,ereader|waterproof|red,Amazon,165.76,206.95,20,3.9,3050,450,https://picsum.photos/seed/amazon-ereader-966/800/1000,3,True,,Blue|Black
967,The North Face Nuptse Jacket - Green (2),women,jackets,down|outdoor|green,The North Face,366.36,412.98,11,4.0,7407,388,https://picsum.photos/seed/the-north-face-jackets-967/800/1000,3,True,XS|M|XXL|S|L,White
968,Madewell Transport Tote - Pink (3),accessories,bags,tote|leather|pink,Madewell,189.33,229.81,18,4.9,4348,171,https://picsum.photos/seed/madewell-bags-968/800/1000,2,True,,Navy
969,Uniqlo U Crew Neck T-Shirt - Green (3),men,t-shirts,basics|cotton|green,Uniqlo,21.32,22.92,7,4.5,5651,255,https://picsum.photos/seed/uniqlo-t-shirts-969/800/1000,3,True,XS|S|L|XXL|M,Olive|Red
970,Allbirds Wool Runner - Green (3),footwear,sneakers,merino|sustainable|green,Allbirds,101.04,108.31,7,4.4,13663,477,https://picsum.photos/seed/allbirds-sneakers-970/800/1000,2,True,7|11|8|12|6|9,Olive
971,Fenty Beauty Gloss Bomb - White (2),beauty,makeup,lip gloss|shine|white,Fenty Beauty,22.96,28.52,19,4.5,11980,410,https://picsum.photos/seed/fenty-beauty-makeup-971/800/1000,6,True,,Navy|Black|Grey
972,Carhartt WIP Chase Hoodie - White (1),men,hoodies,fleece|street|white,Carhartt WIP,88.56,103.32,14,4.5,9593,493,https://picsum.photos/seed/carhartt-wip-hoodies-972/800/1000,2,True,XL|XXL|XS|M|S|L,Red
973,Fenty Beauty Gloss Bomb - Pink (1),beauty,makeup,lip gloss|shine|pink,Fenty Beauty,20.93,26.4,21,4.3,53,290,https://picsum.photos/seed/fenty-beauty-makeup-973/800/1000,3,True,,White
974,Olaplex No.3 Hair Perfector - Grey (3),beauty,haircare,bond repair|hair|grey,Olaplex,33.37,37.35,11,3.8,16730,66,https://picsum.photos/seed/olaplex-haircare-974/800/1000,3,True,,Blue|Brown|White
975,Bose QuietComfort Ultra - Grey (2),accessories,headphones,anc|comfort|grey,Bose,409.68,509.88,20,5.0,16688,476,https://picsum.photos/seed/bose-headphones-975/800/1000,2,True,,Pink
976,Sony WH-1000XM5 - Pink (4),accessories,headphones,anc|wireless|pink,Sony,421.76,532.94,21,4.7,7145,27,https://picsum.photos/seed/sony-headphones-976/800/1000,4,False,,Pink|Black|Brown
977,Apple Watch SE (2nd Gen) - Grey (2),accessories,watches,smartwatch|fitness|grey,Apple,281.13,329.67,15,4.8,5436,380,https://picsum.photos/seed/apple-watches-977/800/1000,5,True,,Navy|Olive
978,Reformation Nikita Dress - Green (4),women,dresses,sustainable|summer|green,Reformation,260.95,287.12,9,4.6,6327,217,https://picsum.photos/seed/reformation-dresses-978/800/1000,5,True,XL|XXL|M,Olive|Purple|Black
979,Levi's 501 Original Fit Jeans - White (3),men,jeans,denim|heritage|white,Levi's,97.3,110.86,12,4.7,6346,61,https://picsum.photos/seed/levi's-jeans-979/800/1000,3,False,XXL|S|M|XL,Purple
980,Ray-Ban Wayfarer Classic - Grey (4),accessories,sunglasses,acetate|uv|grey,Ray-Ban,161.31,211.91,24,4.8,15340,53,https://picsum.photos/seed/ray-ban-sunglasses-980/800/1000,5,True,,Red|Grey
981,Aritzia Super Puff - Brown (1),women,jackets,puffer|winter|brown,Aritzia,270.63,326.79,17,4.1,4871,336,https://picsum.photos/seed/aritzia-jackets-981/800/1000,3,True,XL|XXL|L|S|XS|M,White|Brown|Grey
982,Fenty Beauty Gloss Bomb - White (1),beauty,makeup,lip gloss|shine|white,Fenty Beauty,19.37,24.45,21,3.8,6249,367,https://picsum.photos/seed/fenty-beauty-makeup-982/800/1000,6,True,,Beige|Green|Navy
983,Carhartt WIP Chase Hoodie - Navy (4),men,hoodies,fleece|street|navy,Carhartt WIP,85.47,102.75,17,4.0,13230,341,https://picsum.photos/seed/carhartt-wip-hoodies-983/800/1000,5,True,XL|XXL|S|L,White
984,Madewell Transport Tote - Beige (2),accessories,bags,tote|leather|beige,Madewell,188.33,218.91,14,4.6,16105,91,https://picsum.photos/seed/madewell-bags-984/800/1000,6,True,,White|Grey|Black
985,Herschel Little America Backpack - Green (4),accessories,bags,backpack|travel|green,Herschel,120.03,160.68,25,4.3,3534,360,https://picsum.photos/seed/herschel-bags-985/800/1000,6,False,,Olive
986,Reformation Nikita Dress - Black (4),women,dresses,sustainable|summer|black,Reformation,262.34,307.12,15,4.2,2848,221,https://picsum.photos/seed/reformation-dresses-986/800/1000,3,True,M|L|XS|XL|S,Olive|Beige|White
987,The Ordinary Niacinamide 10% + Zinc 1% - Green (3),beauty,serum,niacinamide|oil control|green,The Ordinary,11.19,13.32,16,5.0,7057,96,https://picsum.photos/seed/the-ordinary-serum-987/800/1000,6,True,,Black|Brown|Purple
988,Gap Kids Graphic Tee - Purple (2),kids,t-shirts,cotton|graphic|purple,Gap,16.84,22.48,25,4.5,12046,184,https://picsum.photos/seed/gap-t-shirts-988/800/1000,5,True,3Y|1Y|13C|12C,White
989,Converse Chuck 70 High - Red (3),footwear,sneakers,canvas|lifestyle|red,Converse,90.64,116.18,22,4.3,16938,120,https://picsum.photos/seed/converse-sneakers-989/800/1000,6,True,11|12|9|7|10,Navy|Blue
990,Oakley Holbrook Prizm - Olive (3),accessories,sunglasses,prizm|sport|olive,Oakley,187.08,217.62,14,4.0,7138,13,https://picsum.photos/seed/oakley-sunglasses-990/800/1000,4,False,,Navy
991,Hoka Clifton 9 - White (4),footwear,running,max cushion|running|white,Hoka,155.99,171.46,9,4.8,3350,230,https://picsum.photos/seed/hoka-running-991/800/1000,6,True,7|6|11|12|9|8,Black|Brown|Green
992,Everlane Organic Cotton Box-Cut Tee - Green (3),women,tops,basics|cotton|green,Everlane,28.07,37.32,25,4.5,8787,465,https://picsum.photos/seed/everlane-tops-992/800/1000,3,True,L|XS|M,Olive|Pink|Green
993,COS Relaxed Linen Shirt - Black (4),men,shirts,linen|summer|black,COS,82.64,109.91,25,3.9,4298,488,https://picsum.photos/seed/cos-shirts-993/800/1000,2,True,L|XL|M|XS|S|XXL,Black|Red|Blue
994,Carhartt WIP Chase Hoodie - Green (1),men,hoodies,fleece|street|green,Carhartt WIP,83.9,88.45,5,4.8,3899,127,https://picsum.photos/seed/carhartt-wip-hoodies-994/800/1000,5,True,L|XXL|M|XL|S|XS,Beige
995,Madewell Transport Tote - Green (3),accessories,bags,tote|leather|green,Madewell,213.29,250.65,15,4.0,12044,157,https://picsum.photos/seed/madewell-bags-995/800/1000,6,False,,Blue|Green|Purple
996,New Balance 990v6 - Blue (3),footwear,running,running|made in usa|suede|blue,New Balance,222.85,285.18,22,4.2,13783,155,https://picsum.photos/seed/new-balance-running-996/800/1000,3,True,8|12|9|6|11,Brown
997,Bellroy Slim Sleeve Wallet - Black (2),accessories,wallets,leather|rfid|black,Bellroy,75.59,91.45,17,4.9,3110,188,https://picsum.photos/seed/bellroy-wallets-997/800/1000,6,False,,Beige|Green|White
998,The Ordinary Niacinamide 10% + Zinc 1% - Red (4),beauty,serum,niacinamide|oil control|red,The Ordinary,12.82,16.54,22,4.2,7420,393,https://picsum.photos/seed/the-ordinary-serum-998/800/1000,6,True,,White|Brown|Beige
999,Lululemon ABC Slim-Fit Pant - Olive (1),men,pants,commuter|stretch|olive,Lululemon,131.04,156.04,16,4.8,16821,45,https://picsum.photos/seed/lululemon-pants-999/800/1000,3,False,S|M|L|XL,Blue|Beige|Green
1000,Patagonia Better Sweater Fleece - Navy (2),women,sweaters,fleece|outdoor|navy,Patagonia,145.57,174.53,17,4.0,2995,464,https://picsum.photos/seed/patagonia-sweaters-1000/800/1000,6,True,XS|L|XL|M|S|XXL,Black
